<?xml version="1.0" encoding="UTF-8" ?>
<!DOCTYPE configuration PUBLIC  "-//mybatis.org//DTD Config 3.0//EN" "http://mybatis.org/dtd/mybatis-3-config.dtd">
<configuration>
  <typeHandlers>
    <typeHandler handler="amgen.ri.rnai.dao.NamedQueryHandler" />
  </typeHandlers>
  
  <environments default="rnai">
    <environment id="rnai">
      <transactionManager type="JDBC" />
      <dataSource type="JNDI">
        <property name="data_source" value="java:comp/env/RNAI_INDEX" />
      </dataSource>
    </environment>
    
    <environment id="rnai-local">
      <transactionManager type="JDBC" />
      <dataSource type="POOLED">
        <property name="driver" value="oracle.jdbc.OracleDriver" />
        <property name="url" value="jdbc:oracle:thin:@uswa-pdbx-ora45.amgen.com:1771:Wa0630p" />
        <property name="username" value="RNAI_INDEX" />
        <property name="password" value="Ra1n1ng#" />
      </dataSource>    
    </environment>
     
    <environment id="squid">
      <transactionManager type="JDBC" />
      <dataSource type="JNDI">
        <property name="data_source" value="java:comp/env/SQUID" />
      </dataSource>
    </environment>    
    
    
  </environments>
  
  <mappers>
    <mapper resource="DAOMapper.xml" />
     <mapper resource="SurvivalPlotMapper.xml" />
 </mappers>
  
  
</configuration>