<?xml version="1.0" encoding="UTF-8" ?>
<!DOCTYPE mapper PUBLIC "-//mybatis.org//DTD Mapper 3.0//EN" "http://mybatis.org/dtd/mybatis-3-mapper.dtd">

<mapper namespace="amgen.ri.rnai.dao.Mapper">
  <resultMap id="OperationLogMap" type="amgen.ri.rnai.records.OperationLogRecord">
    <constructor>
      <idArg column="log_id" javaType="int"/>
    </constructor>  
  </resultMap>     
  

  <resultMap id="GIAnalysisMap" type="amgen.ri.rnai.analyze.geneticinteraction.GIAnalysis">
    <constructor>
      <idArg column="gi_analysis_id" javaType="int"/>
      <idArg column="experiment_a_id" javaType="int"/>
      <idArg column="analysis_a_id" javaType="int"/>
      <idArg column="experiment_b_id" javaType="int"/>
      <idArg column="analysis_b_id" javaType="int"/>
      <idArg column="created_by" javaType="string"/>
      <idArg column="created" javaType="date"/>
      <idArg column="elapsed_millis" javaType="int"/>      
    </constructor>  
  </resultMap>     
  
       
  <resultMap id="ResultTypeMap" type="amgen.ri.rnai.records.ResultType">
    <constructor>
      <idArg column="result_type_id" javaType="int"/>
    </constructor>  
  </resultMap>     
  

  <resultMap id="PersonRecordMap" type="amgen.ri.rnai.dao.PersonRecord">
    <constructor>
      <idArg column="person_id" javaType="int"/>
    </constructor>  
  </resultMap>  
  
  <select id="selectPersons" resultMap= "PersonRecordMap">
    SELECT P.PERSON_ID "person_id",
    P.AMGEN_LOGIN "amgen_login",
    P.FIRST_NAME "first_name",
    P.LAST_NAME "last_name",
    P.LAST_NAME || ', ' || P.FIRST_NAME "ledger_name",
    P.EMAIL "email",
    P.LOCATION_CODE "location_code"
    FROM SHRDAT.PERSON_MV P
    where P.AMGEN_LOGIN in
    <foreach item="item" index="index" collection="list"
             open="(" separator="," close=")">
      #{item}
    </foreach>
  </select>  

  <select id="searchPersons" resultMap= "PersonRecordMap">
    <![CDATA[
    SELECT *
  FROM (  SELECT P.PERSON_ID "person_id",
                 P.AMGEN_LOGIN "amgen_login",
                 P.FIRST_NAME "first_name",
                 P.LAST_NAME "last_name",
                 P.LAST_NAME || ', ' || P.FAMILIAR_NAME "ledger_name",
                 P.EMAIL "email",
                 P.LOCATION_CODE "location_code"
            FROM SHRDAT.PERSON_MV P
           WHERE LOWER (P.LAST_NAME) LIKE #{query} OR LOWER (P.AMGEN_LOGIN) LIKE #{query}
        ORDER BY LAST_NAME, FAMILIAR_NAME)
 WHERE ROWNUM < 101
 ]]>
  </select>  

  <select id="searchPersonsByLastFirst" resultMap= "PersonRecordMap">
    <![CDATA[
    SELECT *
  FROM (  SELECT P.PERSON_ID "person_id",
                 P.AMGEN_LOGIN "amgen_login",
                 P.FIRST_NAME "first_name",
                 P.LAST_NAME "last_name",
                 P.LAST_NAME || ', ' || P.FAMILIAR_NAME "ledger_name",
                 P.EMAIL "email",
                 P.LOCATION_CODE "location_code"
            FROM SHRDAT.PERSON_MV P
           WHERE LOWER (P.LAST_NAME) LIKE #{param1} AND (LOWER (P.FIRST_NAME)  LIKE #{param2} OR LOWER (P.FAMILIAR_NAME)  LIKE #{param2} )
        ORDER BY LAST_NAME, FAMILIAR_NAME)
 WHERE ROWNUM < 101
 ]]>
  </select>  

  <select id="lookupPersonByLastFirst" resultMap= "PersonRecordMap">
    <![CDATA[
    SELECT P.PERSON_ID "person_id",
                 P.AMGEN_LOGIN "amgen_login",
                 P.FIRST_NAME "first_name",
                 P.LAST_NAME "last_name",
                 P.LAST_NAME || ', ' || P.FAMILIAR_NAME "ledger_name",
                 P.EMAIL "email",
                 P.LOCATION_CODE "location_code"
            FROM SHRDAT.PERSON_MV P
           WHERE LOWER (P.LAST_NAME) = #{param1} AND (LOWER (P.FIRST_NAME) = #{param2} OR LOWER (P.FAMILIAR_NAME) = #{param2} )
     ]]>
  </select>  


    
  <select id="getExperimentOperationLogs" parameterType="int" resultMap= "OperationLogMap">
    SELECT OPERATION_LOG_ID "log_id",
    REFERENCE_ID "reference_id",
    LOG_TYPE "log_type",
    ENTRY_DATE "entry_date",
    ENTERED_BY "entered_by"
    FROM OPERATION_LOGS OP, ANALYSIS A
    WHERE OP.REFERENCE_ID = A.ANALYSIS_ID 
    AND A.EXPERIMENT_ID = #{experimentID}
    ORDER BY ENTRY_DATE
  </select>

  <select id="getOperationLog" parameterType="int" resultMap= "OperationLogMap">
    SELECT OPERATION_LOG_ID "log_id",
    REFERENCE_ID "reference_id",
    LOG_TYPE "log_type",
    ENTRY_DATE "entry_date",
    ENTERED_BY "entered_by",
    LOG_DATA "log_data"
    FROM OPERATION_LOGS OP
    WHERE OP.OPERATION_LOG_ID= #{logID}
  </select>
  
  <select id="getGeneticInteractionAnalysisResults" parameterType="amgen.ri.rnai.analyze.geneticinteraction.GIAnalysis" resultType="String" >
    select RNAIQUERY.GETGIANALYSISRESULTS ( #{gi_analysis_id}) from DUAL
  </select>  
  <!--
      { #{giAnalysisResults,javaType=String,jdbcType=CLOB,mode=OUT}= call RNAIQUERY.GETGENETICINTERACTIONANALYSIS ( #{analysisA_ID}, #{analysisB_ID})  }       
  </update-->  

  <select id="getResultTypes" resultMap="ResultTypeMap">
    SELECT RT.RESULT_TYPE_ID "result_type_id",
    RT.RESULT_TYPE "result_type",
    RT.FORMAT "format",
    RT.RESULT_NAME "result_name",
    RT.VIEW_BYDEFAULT "view_bydefault",
    RT.PRIMARY_SORT "primary_sort"
    FROM RESULT_TYPES RT  
  </select>
      

  <select id="getGIAnalysis" parameterType="amgen.ri.rnai.analyze.geneticinteraction.GIAnalysis" resultMap="GIAnalysisMap">
    SELECT G.GI_ANALYSIS_ID "gi_analysis_id",
    G.EXPERIMENT_A_ID "experiment_a_id",
    G.ANALYSIS_A_ID "analysis_a_id",
    G.EXPERIMENT_B_ID "experiment_b_id",
    G.ANALYSIS_B_ID "analysis_b_id",
    G.CREATED_BY "created_by",
    G.CREATED "created",
    G.ELAPSED_MILLIS "elapsed_millis"
    FROM GI_ANALYSIS G
    WHERE G.ANALYSIS_A_ID = #{analysis_a_id} AND G.ANALYSIS_B_ID = #{analysis_b_id}
  </select>

  <select id="getGIAnalysisForUser" parameterType="String" resultMap="GIAnalysisMap">
    SELECT G.GI_ANALYSIS_ID "gi_analysis_id",
    G.EXPERIMENT_A_ID "experiment_a_id",
    G.ANALYSIS_A_ID "analysis_a_id",
    G.EXPERIMENT_B_ID "experiment_b_id",
    G.ANALYSIS_B_ID "analysis_b_id",
    G.CREATED_BY "created_by",
    G.CREATED "created",
    G.ELAPSED_MILLIS "elapsed_millis"
    FROM GI_ANALYSIS G
    WHERE G.CREATED_BY = #{created_by}
  </select>

  <select id="getGIAnalysisByID" parameterType="int" resultMap="GIAnalysisMap">
    SELECT G.GI_ANALYSIS_ID "gi_analysis_id",
    G.EXPERIMENT_A_ID "experiment_a_id",
    G.ANALYSIS_A_ID "analysis_a_id",
    G.EXPERIMENT_B_ID "experiment_b_id",
    G.ANALYSIS_B_ID "analysis_b_id",
    G.CREATED_BY "created_by",
    G.CREATED "created",
    G.ELAPSED_MILLIS "elapsed_millis"
    FROM GI_ANALYSIS G
    WHERE G.GI_ANALYSIS_ID = #{giID}
  </select>
 
  <update id="getGeneticInteractionResults" parameterType="amgen.ri.rnai.analyze.geneticinteraction.GIExperiments" statementType="CALLABLE" >
    { #{giInputResults,javaType=String,jdbcType=CLOB,mode=OUT}= call RNAIQUERY.GETGENETICINTERZSCORERESULTS( #{experimentA_id}, #{experimentB_id})  }       
  </update>  


  <update id="runNamedQuery" parameterType="amgen.ri.rnai.dao.NamedQuery" statementType="CALLABLE" >
    { #{results,javaType=String,jdbcType=BLOB,typeHandler=amgen.ri.rnai.dao.Blob2StringHandler,mode=OUT}= call RNAIQUERY.RUNNAMEDQUERY2TABS( 
    #{queryName,javaType=String,jdbcType=VARCHAR,typeHandler=amgen.ri.rnai.dao.NamedQueryHandler,mode=IN}, 
    #{parameters,javaType=java.sql.Blob,jdbcType=BLOB,typeHandler=amgen.ri.rnai.dao.NamedQueryHandler,mode=IN}
    )
    }       
  </update>  

  <delete id="deleteGIAnalysis" parameterType="amgen.ri.rnai.analyze.geneticinteraction.GIAnalysis" >
    DELETE FROM RNAI_INDEX.GI_ANALYSIS WHERE ANALYSIS_A_ID= #{analysis_a_id} AND ANALYSIS_B_ID= #{analysis_b_id}    
  </delete>


  <delete id="deleteGIResults" parameterType="amgen.ri.rnai.analyze.geneticinteraction.GIAnalysis" >
    DELETE FROM RNAI_INDEX.GI_ANALYSIS_RESULTS GAR
    WHERE GAR.GI_ANALYSIS_ID IN (SELECT GA.GI_ANALYSIS_ID
    FROM RNAI_INDEX.GI_ANALYSIS GA
    WHERE ANALYSIS_A_ID = #{analysis_a_id} AND ANALYSIS_B_ID= #{analysis_b_id}
    )  
  </delete>


  <delete id="deleteGIAnalysisByID" parameterType="amgen.ri.rnai.analyze.geneticinteraction.GIAnalysis" >
    DELETE FROM RNAI_INDEX.GI_ANALYSIS WHERE GI_ANALYSIS_ID= #{gi_analysis_id}    
  </delete>


  <delete id="deleteGIResultsByID" parameterType="amgen.ri.rnai.analyze.geneticinteraction.GIAnalysis" >
    DELETE FROM RNAI_INDEX.GI_ANALYSIS_RESULTS GAR
    WHERE GAR.GI_ANALYSIS_ID= #{gi_analysis_id}    
  </delete>


  <insert id="insertGIAnalysis" parameterType="amgen.ri.rnai.analyze.geneticinteraction.GIAnalysis" >
    <selectKey keyProperty="gi_analysis_id" resultType="int" order="BEFORE">
      SELECT GI_ANALYSIS_ID.NEXTVAL FROM DUAL
    </selectKey>
    INSERT INTO RNAI_INDEX.GI_ANALYSIS(GI_ANALYSIS_ID, EXPERIMENT_A_ID ,ANALYSIS_A_ID ,EXPERIMENT_B_ID,ANALYSIS_B_ID,CREATED_BY,CREATED,ELAPSED_MILLIS) VALUES 
    (#{gi_analysis_id}, #{experiment_a_id}, #{analysis_a_id}, #{experiment_b_id}, #{analysis_b_id}, #{created_by}, #{created}, #{elapsed_millis})
  </insert>

  <update id="updateGIAnalysisElapsedMillis" parameterType="amgen.ri.rnai.analyze.geneticinteraction.GIAnalysis" >    
    UPDATE RNAI_INDEX.GI_ANALYSIS SET ELAPSED_MILLIS= #{elapsed_millis} WHERE GI_ANALYSIS_ID= #{gi_analysis_id}
  </update>

  <insert id="insertGIResults" parameterType="amgen.ri.rnai.analyze.geneticinteraction.GIResult" >
    INSERT ALL 
    INTO RNAI_INDEX.GI_ANALYSIS_RESULTS(GI_RESULT_ID,GI_ANALYSIS_ID,RESULT_TYPE_ID,GENE_ID,VALUE) VALUES (GI_RESULT_ID.nextval+0, #{gi_analysis_id}, 13, #{geneID}, #{pvalue})
    INTO RNAI_INDEX.GI_ANALYSIS_RESULTS(GI_RESULT_ID,GI_ANALYSIS_ID,RESULT_TYPE_ID,GENE_ID,VALUE) VALUES (GI_RESULT_ID.nextval+1, #{gi_analysis_id}, 15, #{geneID}, #{pvalueAdj})
    INTO RNAI_INDEX.GI_ANALYSIS_RESULTS(GI_RESULT_ID,GI_ANALYSIS_ID,RESULT_TYPE_ID,GENE_ID,VALUE) VALUES (GI_RESULT_ID.nextval+2, #{gi_analysis_id}, 16, #{geneID}, #{pvalueSuppressor})
    INTO RNAI_INDEX.GI_ANALYSIS_RESULTS(GI_RESULT_ID,GI_ANALYSIS_ID,RESULT_TYPE_ID,GENE_ID,VALUE) VALUES (GI_RESULT_ID.nextval+3, #{gi_analysis_id}, 17, #{geneID}, #{pvalueSuppressorAdj})
    INTO RNAI_INDEX.GI_ANALYSIS_RESULTS(GI_RESULT_ID,GI_ANALYSIS_ID,RESULT_TYPE_ID,GENE_ID,VALUE) VALUES (GI_RESULT_ID.nextval+4, #{gi_analysis_id}, 18, #{geneID}, #{pvalueEnhancer})
    INTO RNAI_INDEX.GI_ANALYSIS_RESULTS(GI_RESULT_ID,GI_ANALYSIS_ID,RESULT_TYPE_ID,GENE_ID,VALUE) VALUES (GI_RESULT_ID.nextval+5, #{gi_analysis_id}, 19, #{geneID}, #{pvalueEnhancerAdj})
    SELECT 1 FROM DUAL
  </insert>
  
  
  <update id="getGICompareResults" parameterType="amgen.ri.rnai.analyze.geneticinteraction.GIAnalysisDetails" statementType="CALLABLE" >
    { #{results,javaType=String,jdbcType=CLOB,mode=OUT}= call RNAI_INDEX.GENETICINTERACTION.generateGIGeneResults(#{giAnalysisIDs,typeHandler=amgen.ri.rnai.dao.GIAnalysisIDTypeHandler})  }       
  </update>  


  <insert id="insertLogEntry" parameterType="amgen.ri.rnai.log.LogEntry" >
    INSERT INTO RNAI_INDEX.ACCESS_LOGS(
    ACCESS_LOG_ID,
    USERNAME,
    SESSION_ID,
    REQUEST_DATE,
    REQUEST,
    DETAILS)
    VALUES
    (
    ACCESS_LOG_ID.nextval, 
    #{username},
    #{session_id},
    SYSDATE,
    #{request},
    #{details}
    )
  </insert>


</mapper>