<?xml version="1.0"?>
<!--
FileSet Definitions
version: $Id: jawr_filesets.xml,v 1.47 2014/02/11 00:12:13 jemcdowe Exp $

This file defines 2 sets of features in RNAi:

1. The BundleDefinitions element defines Properties which are used in the JAWR 
    utility to create script and CSS bundles
2. The JSFileSets and CSSFileSets elements define Script and Style (CSS) 
    imports for RNAi

-->
<RNAiFileSets>
  <!--
JAWR Property Section
-->
  <BundleDefinitions>
    <Property name="jawr.debug.on" value="false"/>
    <Property name="jawr.gzip.on" value="true"/>
    <Property name="jawr.gzip.ie6.on" value="true"/>
    <Property name="jawr.charset.name" value="UTF-8"/>
    <Property name="jawr.factory.use.orphans.mapper" value="false"/>
    <Property name="jawr.config.reload.interval" value="10"/>

    <!-- Define the RNAi css bundle-->
    <Property name="jawr.css.bundle.rnaicss.id" value="/bundles/rnai.css"/>
    <Property name="jawr.css.bundle.rnaicss.mappings" value="/css/**"/>
    
    
    <!-- Standard RNAi App bundle -->
    <Property name="jawr.js.bundle.rnai.id" value="/bundles/rnai.js"/>
    <Property name="jawr.js.bundle.rnai.mappings">
      <Value><![CDATA[ 
    /js/init/JS.Overrides.js,
    /js/init/Ext.Overrides.js,
    /js/init/RNAi.Globals.js,
    /js/init/RNAi.Spotfire.js,    
    /js/init/RNAi.Main.js,
    /js/init/RNAi.InitMainViewport.js,
    /js/ux/**,
    /js/base/**,
    /js/main/**,
    /js/dialogs/**
    ]]>
      </Value>
    </Property>
   
    <!-- Standard RNAi Gene Report bundle -->
    <Property name="jawr.js.bundle.rnai_genereport.id" value="/bundles/rnai_genereport.js"/>
    <Property name="jawr.js.bundle.rnai_genereport.mappings">
      <Value><![CDATA[ 
    /js/init/JS.Overrides.js,
    /js/init/Ext.Overrides.js,
    /js/init/RNAi.Globals.js,
    /js/init/RNAi.Main.js,
    /js/init/RNAi.InitGeneReportViewport.js,
    /js/ux/**,
    /js/base/**,
    /js/main/**,
    /js/dialogs/**
    ]]>
      </Value>
    </Property>    
  </BundleDefinitions>

  <!--
Define the JavaScript FileSets.
-->
  <JSFileSets>
    <!--
Define the ExtJS
-->
    <FileSet name="ext3js">
      <filelist>
        <file name="http://uswa-papp-dweb2.amgen.com:9090/extjs/bundles/ext3.jsx"/>
        <!--file name="http://ussf-dapp-sas01.amgen.com:9090/extjs/bundles/ext3.jsx"/-->
      </filelist>
    </FileSet>
    

    <FileSet name="ext4js_sandbox">
      <filelist>
        <file name="http://uswa-papp-dweb2.amgen.com:9090/extjs/bundles/ext4s.jsx"/>
        <!--file name="http://ussf-papp-dweb1.amgen.com:9090/extjs/bundles/ext4s.jsx"/-->
      </filelist>
    </FileSet>    

    <!--
Define the RNAi main source imports- Uses a defined Bundle
-->
    <FileSet name="rnaijs">
      <filelist>
        <file bundle="true" name="/bundles/rnai.js"/>
      </filelist>
    </FileSet>


  </JSFileSets>
  <!--
Define the Style/CSS FileSets.
-->
  <CSSFileSets>


    <!--
Define the ExtJS CSS import
-->
    <FileSet name="ext3css">
      <filelist>
        <!--file name="http://ussf-dapp-dweb1.amgen.com:9090/extjs/bundles/ext3.cssx"/-->
        <file name="http://uswa-papp-dweb2.amgen.com:9090/extjs/bundles/ext3.cssx"/>
      </filelist>
    </FileSet>
    

    <FileSet name="ext4js_sandboxcss">
      <filelist>
        <!--file name="http://ussf-dapp-dweb1.amgen.com:9090/extjs/bundles/ext3.cssx"/-->
        <file name="http://uswa-papp-dweb2.amgen.com:9090/extjs/bundles/ext4s.cssx"/>
      </filelist>
    </FileSet>    


    <!--
Define the RNAi core CSS imports
-->
    <FileSet name="rnaicss">
      <filelist>
        <file bundle="true" name="/bundles/rnai.css"/>
        <file name="http://uswa-papp-rgb01.amgen.com:81/rg/ix/css/ix_v0-16.css"/>
        <file name="http://uswa-papp-rgb01.amgen.com:81/rg/ix/css/ix_v0-24.css"/>
        <file name="http://uswa-papp-rgb01.amgen.com:81/rg/ix/css/ix_v0-32.css"/>
        <file name="http://uswa-papp-rgb01.amgen.com:81/rg/ix/css/ix_v0-48.css"/>
        <file name="http://uswa-papp-rgb01.amgen.com:81/rg/img/css/rg_entities.css"/>
      </filelist>
    </FileSet>

  </CSSFileSets>
  


</RNAiFileSets>