<?xml version="1.0" encoding="UTF-8"?>
<SQLQueries>
  
  <SQLQuery name="geneid_by_keyword">
    <Code>SELECT G.GENE_ID
  FROM RNAI_INDEX.GENE_CDS g
 WHERE contains (G.CDS, :query) > 0
    </Code>  
  </SQLQuery>
    
  
  <SQLQuery name="rnai_by_rnaiid">
    <Code>SELECT  R.RNAI_ID ID,
      G.ENTREZ_GENE_IDENTIFIER entrezgene_id,
      R.GENE_ID GENE_ID,
      G.GENE_SYMBOL GENE_SYMBOL,
      S.ROOT_NUMBER,
      S.LOT_NUMBER,
      S.SUBSTANCE_ID,
      R.REGISTERED_DATE,
      'siRNA'  TYPE,
      V.VENDOR_NAME,
      R.VENDOR_PRODUCT_ID,
      SQ.RNAI_SEQUENCE  "SEQUENCE"
      FROM 
      RNAI_INDEX.RNAI R, 
      RNAI_INDEX.RNAI_SEQ SQ ,
      RNAI_INDEX.RNAI_SEQ_MAP M,
      RNAI_INDEX.VENDOR V, 
      RNAI_INDEX.GENE G,  
      RGDH.SM_SUBSTANCE S
      WHERE 
      R.RNAI_ID= M.RNAI_ID AND
      M.RNAI_SEQ_ID= SQ.RNAI_SEQ_ID AND
      SQ.RNAI_SEQ_TYPE='TRIGGER' AND
      SQ.VENDOR_ID= V.VENDOR_ID AND
      R.GENE_ID= G.GENE_ID AND
      R.SUBSTANCE_ID= S.SUBSTANCE_ID AND
      R.RNAI_ID= :rnai_id
    </Code>
    <Variable>rnai_id</Variable>
  </SQLQuery>
  
  <SQLQuery name="rnai_by_compoundid">
    <Code>SELECT  R.RNAI_ID ID,
      G.ENTREZ_GENE_IDENTIFIER entrezgene_id,
      R.GENE_ID GENE_ID,
      G.GENE_SYMBOL GENE_SYMBOL,
      S.ROOT_NUMBER,
      S.LOT_NUMBER,
      S.SUBSTANCE_ID,
      R.REGISTERED_DATE,
      'siRNA'  TYPE,
      V.VENDOR_NAME,
      R.VENDOR_PRODUCT_ID,
      SQ.RNAI_SEQUENCE  "SEQUENCE"
      FROM 
      RNAI_INDEX.RNAI R, 
      RNAI_INDEX.RNAI_SEQ SQ ,
      RNAI_INDEX.RNAI_SEQ_MAP M,
      RNAI_INDEX.VENDOR V, 
      RNAI_INDEX.GENE G,  
      RI_ETL.SM_SUBSTANCE S
      WHERE 
      R.RNAI_ID= M.RNAI_ID AND
      M.RNAI_SEQ_ID= SQ.RNAI_SEQ_ID AND
      SQ.RNAI_SEQ_TYPE='TRIGGER' AND
      SQ.VENDOR_ID= V.VENDOR_ID AND
      R.GENE_ID= G.GENE_ID AND
      R.SUBSTANCE_ID= S.SUBSTANCE_ID AND
      S.ROOT_NUMBER= :root_number AND
      S.LOT_NUMBER= :lot_number
    </Code>
    <Variable>root_number</Variable>
    <Variable>lot_number</Variable>
  </SQLQuery>

  
  <SQLQuery name="rnai_by_rootid">
    <Code>SELECT  R.RNAI_ID ID,
      G.ENTREZ_GENE_IDENTIFIER entrezgene_id,
      R.GENE_ID GENE_ID,
      G.GENE_SYMBOL GENE_SYMBOL,
      S.ROOT_NUMBER,
      S.LOT_NUMBER,
      S.SUBSTANCE_ID,
      R.REGISTERED_DATE,
      'siRNA'  TYPE,
      V.VENDOR_NAME,
      R.VENDOR_PRODUCT_ID,
      SQ.RNAI_SEQUENCE  "SEQUENCE"
      FROM 
      RNAI_INDEX.RNAI R, 
      RNAI_INDEX.RNAI_SEQ SQ ,
      RNAI_INDEX.RNAI_SEQ_MAP M,
      RNAI_INDEX.VENDOR V, 
      RNAI_INDEX.GENE G,  
      RI_ETL.SM_SUBSTANCE S
      WHERE 
      R.RNAI_ID= M.RNAI_ID AND
      M.RNAI_SEQ_ID= SQ.RNAI_SEQ_ID AND
      SQ.RNAI_SEQ_TYPE='TRIGGER' AND
      SQ.VENDOR_ID= V.VENDOR_ID AND
      R.GENE_ID= G.GENE_ID AND
      R.SUBSTANCE_ID= S.SUBSTANCE_ID AND
      S.ROOT_NUMBER = :root_number
    </Code>
    <Variable>root_number</Variable>
  </SQLQuery>

  
  <SQLQuery name="plate_by_compoundid">
    <Code>SELECT DISTINCT BARCODE FROM POC_SET2
      WHERE COMPOUND_ID= :compound_id
      ORDER BY 1
    </Code>
    <Variable>compound_id</Variable>
  </SQLQuery>
  
  
<!-- Gene Index Queries 
GENE_ID:
ENTREZGENE_IDS:
GENE_NAMES:
case GENE_SYMBOLS:
case GENE_KEYWORDS:

setGeneID(geneID);
    setEntrezgeneID(entrezgeneID);
    setGeneName(geneName);
    setGeneSymbol(geneSymbol);
    setGeneAlias(geneAlias);
    setGeneType(geneType);
    setDescription(description);
    setOrganism(organism);
    setOrganismID(organismID);
    
    
    -->
 
 
    <SQLQuery name="count_experiments_by_geneid">
        <Code>SELECT COUNT (DISTINCT A.EXPERIMENT_ID)
            FROM RNAI_INDEX.ANALYSIS A, 
            RNAI_INDEX.ANALYSIS_RESULTS AR
            WHERE A.ANALYSIS_ID = AR.ANALYSIS_ID AND AR.GENE_ID = :gene_id
        </Code>
        <Variable>gene_id</Variable>

    </SQLQuery>
 
    <SQLQuery name="biosequence_by_accession">
        <Code>
            SELECT 
            S.ACC_ID ACCESSION,
            S.DESCRIPTION,
            T.NAME TYPE,
            S.LENGTH,
            S.DATASET,
            S.AMGEN_GENE_ID GENE_ID,
            S.ENTREZ_GENE_ID,
            S.SEQ_TEXT "SEQUENCE",
            S.ORGANISM_NAME ORGANISM,
            S.TAXON_ID,
            S.RTF_TAXON_TERM_ID TERM_ID
            FROM SQUID.SEQ_INFO S, SQUID.SEQ_LOOKUP L, SQUID.SEQ_TYPE T WHERE 
            T.SEQ_TYPE_ID= S.SEQ_TYPE_ID AND
            S.INTERNAL_SEQ_ID= L.INTERNAL_SEQ_ID
            AND L.ALT_ACC_ID= :accession
        </Code>
        <Variable>accession</Variable>
    </SQLQuery>

    <SQLQuery name="available_analyses">
        <Code>
            SELECT ANALYSIS_TYPE, ISDEFAULT FROM RNAI_INDEX.ANALYSIS_TYPES ORDER BY SORT_ORDER ASC
        </Code>
    </SQLQuery>


    <SQLQuery name="available_result_types">
        <Code>
            SELECT RT.RESULT_TYPE, ISDEFAULT FROM RNAI_INDEX.RESULT_TYPES rt, RNAI_INDEX.RESULT_TYPE_DETAILS d where
            RT.RESULT_TYPE= D.RESULT_TYPE 
        </Code>
    </SQLQuery>


    <SQLQuery name="experiments_by_geneid">
        <Code>
            SELECT DISTINCT EXPERIMENT_ID
            FROM ANALYSIS A, ANALYSIS_RESULTS AR
            WHERE A.ANALYSIS_ID = AR.ANALYSIS_ID AND EXPERIMENT_ID is not null AND AR.GENE_ID = :gene_id
        </Code>
        <Variable>gene_id</Variable>
    </SQLQuery>

    <SQLQuery name="experiment_by_expid">
        <Code>
            SELECT EXPERIMENT_ID,
            (SELECT r.name
            FROM experiment_annotation_value v, rtf.term@rtf_prod.amgen.com r
            WHERE     V.EXPERIMENT_ID = e.EXPERIMENT_ID
            AND V.ANNOTATION_ID = 179
            AND r.term_id = V.VALUE)
            CELL_LINE,
            (SELECT VALUE
            FROM experiment_annotation_value v
            WHERE V.EXPERIMENT_ID = E.EXPERIMENT_ID AND V.ANNOTATION_ID = 210)
            EXPERIMENT_TYPE,
            'Flexiplate'
            LIBRARY,
            (SELECT COUNT (DISTINCT gene_id)
            FROM analysis_results ar, analysis a
            WHERE AR.ANALYSIS_ID = a.analysis_id
            AND A.EXPERIMENT_ID = E.EXPERIMENT_ID)
            GENE_COUNT,
            UPLOAD_DATE EXPERIMENT_DATE,
            E.QC_SESSION_NAME
            EXPERIMENT_NAME,
            (SELECT string_agg (ANALYSIS_TYPE)
            FROM RNAI_INDEX.ANALYSIS
            WHERE EXPERIMENT_ID = E.EXPERIMENT_ID)
            ANALYSES
            FROM RNAI_INDEX.EXPERIMENT e
            WHERE e.experiment_id = :experiment_id     
        </Code>
        <Variable>experiment_id</Variable>
    </SQLQuery>

    <SQLQuery name="analysis_results_by_geneid_and_expid">
        <Code>
            SELECT 
            AR.ANALYSIS_RESULTS_ID,
            A.ANALYSIS_ID,
            A.ANALYSIS_DATE,
            A.ANALYSIS_TYPE,
            A.EXPERIMENT_ID,
            AR.RESULT_TYPE,
            AR.RESULT_VALUE
            FROM 
            RNAI_INDEX.ANALYSIS A, 
            RNAI_INDEX.ANALYSIS_RESULTS AR
            WHERE 
            A.ANALYSIS_ID = AR.ANALYSIS_ID
            AND A.EXPERIMENT_ID = :experiment_id
            AND A.ANALYSIS_TYPE= :analysis_type
            AND AR.GENE_ID = :gene_id
            AND AR.RESULT_TYPE IN (:result_types)  
        </Code>
        <Variable>experiment_id</Variable>
        <Variable>analysis_type</Variable>
        <Variable>gene_id</Variable>
        <Variable>result_types</Variable>
    </SQLQuery>

    <SQLQuery name="analysis_results_by_expid">
        <Code>
            SELECT 
            AR.ANALYSIS_RESULTS_ID,
            A.ANALYSIS_ID,
            A.ANALYSIS_DATE,
            A.ANALYSIS_TYPE,
            A.EXPERIMENT_ID,
            AR.GENE_ID,
            AR.RESULT_TYPE,
            AR.RESULT_VALUE
            FROM 
            RNAI_INDEX.ANALYSIS A, 
            RNAI_INDEX.ANALYSIS_RESULTS AR
            WHERE 
            A.ANALYSIS_ID = AR.ANALYSIS_ID
            AND A.EXPERIMENT_ID = :experiment_id
            AND A.ANALYSIS_TYPE= :analysis_type
            AND AR.RESULT_TYPE IN (:result_types)  
        </Code>
        <Variable>experiment_id</Variable>
        <Variable>analysis_type</Variable>
        <Variable>result_types</Variable>
    </SQLQuery>
  
    <SQLQuery name="genes_by_expid">
        <Code>
<![CDATA[
SELECT DISTINCT AR.GENE_ID  FROM 
      RNAI_INDEX.ANALYSIS A, 
      RNAI_INDEX.ANALYSIS_RESULTS AR
      WHERE 
      A.ANALYSIS_ID = AR.ANALYSIS_ID
      AND A.EXPERIMENT_ID = :experiment_id
]]>      
        </Code>
        <Variable>experiment_id</Variable>
    </SQLQuery>      
  
    <SQLQuery name="plate_by_mcode">
        <Code>SELECT 
            MAP,
            DENSITY,
            COMPOUND_CNT
            FROM 
            INVRS3_MAP
            WHERE 
            MAP= :barcode  
        </Code>
        <Variable>barcode</Variable>
    </SQLQuery>
        
    <SQLQuery name="rsplates_by_rootlot">
        <Code>
            SELECT DISTINCT MAP, DENSITY, COMPOUND_CNT
            FROM RNAI_INDEX.INVRS3_MAP m,
            RNAI_INDEX.INVRS3_MAPWELL mw,
            RGDH.SM_SUBSTANCE s
            WHERE     MW.SUBSTANCE_ID = S.SUBSTANCE_ID
            AND MW.MAP_ID = M.MAP_ID
            AND S.ROOT_NUMBER = :root_number
            AND S.LOT_NUMBER = :lot_number
        </Code>
        <Variable>root_number</Variable>
        <Variable>lot_number</Variable>
    </SQLQuery>
  

    <SQLQuery name="rsplatemap_by_barcode">
        <Code>SELECT M.MAP,
            M.DENSITY,
            R.GENE_ID,
            G.GENE_SYMBOL,
            G.GENE_NAME,
            S.ROOT_NUMBER || '#' || S.LOT_NUMBER COMPOUND_ID,
            r.SUBSTANCE_ID,
            MW.MROW WELL_ROW,
            MW.MCOL WELL_COLUMN,
            V.VENDOR_NAME VENDOR,       
            R.VENDOR_PRODUCT_ID VENDOR_ID,       
            RS.RNAI_SEQUENCE
            FROM RNAI_INDEX.INVRS3_MAP M,
            RNAI_INDEX.INVRS3_MAPWELL MW,
            RNAI_INDEX.RNAI R,
            RNAI_INDEX.GENE G,
            RNAI_INDEX.RNAI_SEQ_MAP SM,
            RNAI_INDEX.RNAI_SEQ RS,
            RNAI_INDEX.VENDOR V,
            RGDH.SM_SUBSTANCE S
            WHERE     M.MAP_ID = MW.MAP_ID
            AND M.MAP = :barcode
            AND G.GENE_ID = R.GENE_ID
            AND SM.RNAI_ID= R.RNAI_ID
            AND SM.RNAI_SEQ_ID= RS.RNAI_SEQ_ID
            AND RS.RNAI_SEQ_TYPE= 'TRIGGER'
            AND RS.VENDOR_ID= V.VENDOR_ID
            AND MW.SUBSTANCE_ID = r.SUBSTANCE_ID
            AND MW.SUBSTANCE_ID = S.SUBSTANCE_ID
            ORDER BY M.MAP, MW.MROW, MW.MCOL  
        </Code>
        <Variable>barcode</Variable>
    </SQLQuery>  
  
    <SQLQuery name="get_permissions">
        <Code>
            SELECT PERMISSION, DISTRIBUTION_LIST_NAMES FROM RNAI_INDEX.PERMISSIONS
        </Code>
    </SQLQuery>  
  
  
</SQLQueries>