<?xml version="1.0" encoding="UTF-8"?>
<RNAiData>
	<Host>http://ussf239481.am.corp.amgen.com:8080/RNAi</Host>
	<ResultCount>136</ResultCount>
	<InputType>GENE_IDS</InputType>
	<DataID>b37db01f-1f2b-4beb-aba4-2599bcfb932e</DataID>
	<CacheID>54401C31124E3ECAA3DF88930D5FD546</CacheID>
	<Analysis><![CDATA[[{"analysis_name":"OGA Method v2","view_bydefault":"1","analysis_type_id":"1","analysis_type":"OGA METHOD V2"}]]]></Analysis>
	<ResultTypes><![CDATA[[{"result_type":"PVALUE_RANK","view_bydefault":"1","result_name":"p-value Rank","format":"int","result_type_id":"3"},{"result_type":"CORRECTED_PVALUE","view_bydefault":"1","result_name":"Corrected p-value","format":"scientific","result_type_id":"2"},{"result_type":"POC","view_bydefault":"1","result_name":"POC","format":"double","result_type_id":"11"},{"result_type":"PVALUE","view_bydefault":"1","result_name":"p-value","format":"scientific","result_type_id":"13"}]]]></ResultTypes>
</RNAiData>