<?xml version="1.0"?>
<RNAiData>
	<Experiment experiment_id="3710">
		<ExperimentName>BFTC-909_LOW_10NM</ExperimentName>
		<GeneCount>571.0</GeneCount>
		<ExperimentId>3710.0</ExperimentId>
		<ExperimentType>Viability</ExperimentType>
		<Library>Flexiplate</Library>
		<CellLine>BFTC-909</CellLine>
		<AnalysisResults>[{"OGA METHOD V2:CORRECTED_PVALUE":1.0278908235607351,"analysis_id":343,"experiment_id":3710,"gene_id":594303}]</AnalysisResults>
		<Analyses>OGA METHOD V2</Analyses>
		<ExperimentDate>2012-05-23</ExperimentDate>
	</Experiment>
	<Experiment experiment_id="3713">
		<ExperimentName>UT7_HIGH_30NM_EPO</ExperimentName>
		<GeneCount>2373.0</GeneCount>
		<ExperimentId>3713.0</ExperimentId>
		<ExperimentType>Viability</ExperimentType>
		<Library>Flexiplate</Library>
		<CellLine>UT-7</CellLine>
		<AnalysisResults>[{"OGA METHOD V2:CORRECTED_PVALUE":0.908724852075041,"analysis_id":273,"experiment_id":3713,"gene_id":594303}]</AnalysisResults>
		<Analyses>OGA METHOD V2</Analyses>
		<ExperimentDate>2012-05-23</ExperimentDate>
	</Experiment>
	<Experiment experiment_id="3716">
		<ExperimentName>KM12_MED_10NM_COPY1</ExperimentName>
		<GeneCount>553.0</GeneCount>
		<ExperimentId>3716.0</ExperimentId>
		<ExperimentType>Viability</ExperimentType>
		<Library>Flexiplate</Library>
		<CellLine>KM12</CellLine>
		<AnalysisResults>[{"OGA METHOD V2:CORRECTED_PVALUE":0.20047395466017268,"analysis_id":319,"experiment_id":3716,"gene_id":594303}]</AnalysisResults>
		<Analyses>OGA METHOD V2</Analyses>
		<ExperimentDate>2012-05-23</ExperimentDate>
	</Experiment>
	<Experiment experiment_id="3719">
		<ExperimentName>A498_R06_10_Oncology_v2</ExperimentName>
		<GeneCount>2548.0</GeneCount>
		<ExperimentId>3719.0</ExperimentId>
		<ExperimentType>Viability</ExperimentType>
		<Library>Flexiplate</Library>
		<CellLine>A-498</CellLine>
		<AnalysisResults>[{"OGA METHOD V2:CORRECTED_PVALUE":0.6766312941442402,"analysis_id":109,"experiment_id":3719,"gene_id":594303}]</AnalysisResults>
		<Analyses>OGA METHOD V2</Analyses>
		<ExperimentDate>2012-05-23</ExperimentDate>
	</Experiment>
	<Experiment experiment_id="3725">
		<ExperimentName>DAOY_MED_30NM_COPY2</ExperimentName>
		<GeneCount>553.0</GeneCount>
		<ExperimentId>3725.0</ExperimentId>
		<ExperimentType>Viability</ExperimentType>
		<Library>Flexiplate</Library>
		<CellLine>Daoy</CellLine>
		<AnalysisResults>[{"OGA METHOD V2:CORRECTED_PVALUE":0.8465914494365575,"analysis_id":28,"experiment_id":3725,"gene_id":594303}]</AnalysisResults>
		<Analyses>OGA METHOD V2</Analyses>
		<ExperimentDate>2012-05-23</ExperimentDate>
	</Experiment>
	<Experiment experiment_id="3728">
		<ExperimentName>IGROV1_R02_10_Oncology_v2</ExperimentName>
		<GeneCount>2548.0</GeneCount>
		<ExperimentId>3728.0</ExperimentId>
		<ExperimentType>Viability</ExperimentType>
		<Library>Flexiplate</Library>
		<CellLine>IGROV-1</CellLine>
		<AnalysisResults>[{"OGA METHOD V2:CORRECTED_PVALUE":0.20535592645527412,"analysis_id":114,"experiment_id":3728,"gene_id":594303}]</AnalysisResults>
		<Analyses>OGA METHOD V2</Analyses>
		<ExperimentDate>2012-05-23</ExperimentDate>
	</Experiment>
	<Experiment experiment_id="3734">
		<ExperimentName>SJSA1_R06_30nM_MDM2i_8uM</ExperimentName>
		<GeneCount>1557.0</GeneCount>
		<ExperimentId>3734.0</ExperimentId>
		<ExperimentType>Viability</ExperimentType>
		<Library>Flexiplate</Library>
		<CellLine>SJSA-1</CellLine>
		<AnalysisResults>[{"OGA METHOD V2:CORRECTED_PVALUE":0.9999999998686081,"analysis_id":447,"experiment_id":3734,"gene_id":594303}]</AnalysisResults>
		<Analyses>OGA METHOD V2</Analyses>
		<ExperimentDate>2012-05-23</ExperimentDate>
	</Experiment>
	<Experiment experiment_id="3740">
		<ExperimentName>MDA-MB-468_MED_10NM_COPY1</ExperimentName>
		<GeneCount>603.0</GeneCount>
		<ExperimentId>3740.0</ExperimentId>
		<ExperimentType>Viability</ExperimentType>
		<Library>Flexiplate</Library>
		<CellLine>MDA-MB-468</CellLine>
		<AnalysisResults>[{"OGA METHOD V2:CORRECTED_PVALUE":1.0120731956904623,"analysis_id":604,"experiment_id":3740,"gene_id":594303}]</AnalysisResults>
		<Analyses>OGA METHOD V2</Analyses>
		<ExperimentDate>2012-05-23</ExperimentDate>
	</Experiment>
	<Experiment experiment_id="3746">
		<ExperimentName>LOX_LOW_30NM_COPY1</ExperimentName>
		<GeneCount>542.0</GeneCount>
		<ExperimentId>3746.0</ExperimentId>
		<ExperimentType>Viability</ExperimentType>
		<Library>Flexiplate</Library>
		<CellLine>LOXIMVI</CellLine>
		<AnalysisResults>[{"OGA METHOD V2:CORRECTED_PVALUE":0.9742415106421906,"analysis_id":407,"experiment_id":3746,"gene_id":594303}]</AnalysisResults>
		<Analyses>OGA METHOD V2</Analyses>
		<ExperimentDate>2012-05-23</ExperimentDate>
	</Experiment>
	<Experiment experiment_id="3758">
		<ExperimentName>SKMEL2_LOW_30NM</ExperimentName>
		<GeneCount>150.0</GeneCount>
		<ExperimentId>3758.0</ExperimentId>
		<ExperimentType>Viability</ExperimentType>
		<Library>Flexiplate</Library>
		<CellLine>SK-MEL-2</CellLine>
		<AnalysisResults>[{"OGA METHOD V2:CORRECTED_PVALUE":0.7804306293167769,"analysis_id":22,"experiment_id":3758,"gene_id":594303}]</AnalysisResults>
		<Analyses>OGA METHOD V2</Analyses>
		<ExperimentDate>2012-05-23</ExperimentDate>
	</Experiment>
	<Experiment experiment_id="3761">
		<ExperimentName>NCI-H2126_R085_10_EDGv1</ExperimentName>
		<GeneCount>14380.0</GeneCount>
		<ExperimentId>3761.0</ExperimentId>
		<ExperimentType>Viability</ExperimentType>
		<Library>Flexiplate</Library>
		<CellLine>NCI-H2126</CellLine>
		<AnalysisResults>[{"OGA METHOD V2:CORRECTED_PVALUE":0.9999988190048686,"analysis_id":148,"experiment_id":3761,"gene_id":594303}]</AnalysisResults>
		<Analyses>OGA METHOD V2</Analyses>
		<ExperimentDate>2012-05-23</ExperimentDate>
	</Experiment>
	<Experiment experiment_id="3764">
		<ExperimentName>786-O_MED_3.3UM_DFO</ExperimentName>
		<GeneCount>150.0</GeneCount>
		<ExperimentId>3764.0</ExperimentId>
		<ExperimentType>Viability</ExperimentType>
		<Library>Flexiplate</Library>
		<CellLine>786-O</CellLine>
		<AnalysisResults>[{"OGA METHOD V2:CORRECTED_PVALUE":0.4969420677187515,"analysis_id":600,"experiment_id":3764,"gene_id":594303}]</AnalysisResults>
		<Analyses>OGA METHOD V2</Analyses>
		<ExperimentDate>2012-05-23</ExperimentDate>
	</Experiment>
	<Experiment experiment_id="3767">
		<ExperimentName>MDA-MB-231_MED_30NM</ExperimentName>
		<GeneCount>1544.0</GeneCount>
		<ExperimentId>3767.0</ExperimentId>
		<ExperimentType>Viability</ExperimentType>
		<Library>Flexiplate</Library>
		<CellLine>MDA-MB-231</CellLine>
		<AnalysisResults>[{"OGA METHOD V2:CORRECTED_PVALUE":0.9999998470429212,"analysis_id":403,"experiment_id":3767,"gene_id":594303}]</AnalysisResults>
		<Analyses>OGA METHOD V2</Analyses>
		<ExperimentDate>2012-05-23</ExperimentDate>
	</Experiment>
	<Experiment experiment_id="3770">
		<ExperimentName>Hop62_R045_10_EDGv1</ExperimentName>
		<GeneCount>14384.0</GeneCount>
		<ExperimentId>3770.0</ExperimentId>
		<ExperimentType>Viability</ExperimentType>
		<Library>Flexiplate</Library>
		<CellLine>HOP-62</CellLine>
		<AnalysisResults>[{"OGA METHOD V2:CORRECTED_PVALUE":0.9233470873961672,"analysis_id":501,"experiment_id":3770,"gene_id":594303}]</AnalysisResults>
		<Analyses>OGA METHOD V2</Analyses>
		<ExperimentDate>2012-05-23</ExperimentDate>
	</Experiment>
	<Experiment experiment_id="3782">
		<ExperimentName>NCI-H2009_R030_10_EDGv1</ExperimentName>
		<GeneCount>14384.0</GeneCount>
		<ExperimentId>3782.0</ExperimentId>
		<ExperimentType>Viability</ExperimentType>
		<Library>Flexiplate</Library>
		<CellLine>NCI-H2009</CellLine>
		<AnalysisResults>[{"OGA METHOD V2:CORRECTED_PVALUE":0.9688917310580998,"analysis_id":423,"experiment_id":3782,"gene_id":594303}]</AnalysisResults>
		<Analyses>OGA METHOD V2</Analyses>
		<ExperimentDate>2012-05-23</ExperimentDate>
	</Experiment>
	<Experiment experiment_id="3803">
		<ExperimentName>SK-BR-3_LOW_30NM</ExperimentName>
		<GeneCount>140.0</GeneCount>
		<ExperimentId>3803.0</ExperimentId>
		<ExperimentType>Viability</ExperimentType>
		<Library>Flexiplate</Library>
		<CellLine>SK-BR-3</CellLine>
		<AnalysisResults>[{"OGA METHOD V2:CORRECTED_PVALUE":0.8311772220143532,"analysis_id":460,"experiment_id":3803,"gene_id":594303}]</AnalysisResults>
		<Analyses>OGA METHOD V2</Analyses>
		<ExperimentDate>2012-05-23</ExperimentDate>
	</Experiment>
	<Experiment experiment_id="3806">
		<ExperimentName>A375_LOW_10NM_COPY2</ExperimentName>
		<GeneCount>603.0</GeneCount>
		<ExperimentId>3806.0</ExperimentId>
		<ExperimentType>Viability</ExperimentType>
		<Library>Flexiplate</Library>
		<CellLine>A-375</CellLine>
		<AnalysisResults>[{"OGA METHOD V2:CORRECTED_PVALUE":0.10773445351724811,"analysis_id":397,"experiment_id":3806,"gene_id":594303}]</AnalysisResults>
		<Analyses>OGA METHOD V2</Analyses>
		<ExperimentDate>2012-05-23</ExperimentDate>
	</Experiment>
	<Experiment experiment_id="3812">
		<ExperimentName>SJSA1_R06_30nM_DMSO_for0.8uM</ExperimentName>
		<GeneCount>1557.0</GeneCount>
		<ExperimentId>3812.0</ExperimentId>
		<ExperimentType>Viability</ExperimentType>
		<Library>Flexiplate</Library>
		<CellLine>SJSA-1</CellLine>
		<AnalysisResults>[{"OGA METHOD V2:CORRECTED_PVALUE":0.005253237098603774,"analysis_id":473,"experiment_id":3812,"gene_id":594303}]</AnalysisResults>
		<Analyses>OGA METHOD V2</Analyses>
		<ExperimentDate>2012-05-23</ExperimentDate>
	</Experiment>
	<Experiment experiment_id="3815">
		<ExperimentName>SW48_R12_10_Oncology_v2</ExperimentName>
		<GeneCount>2548.0</GeneCount>
		<ExperimentId>3815.0</ExperimentId>
		<ExperimentType>Viability</ExperimentType>
		<Library>Flexiplate</Library>
		<CellLine>SW48</CellLine>
		<AnalysisResults>[{"OGA METHOD V2:CORRECTED_PVALUE":0.26528081657529984,"analysis_id":259,"experiment_id":3815,"gene_id":594303}]</AnalysisResults>
		<Analyses>OGA METHOD V2</Analyses>
		<ExperimentDate>2012-05-23</ExperimentDate>
	</Experiment>
	<Experiment experiment_id="3821">
		<ExperimentName>A375_LOW_30NM_COPY2</ExperimentName>
		<GeneCount>603.0</GeneCount>
		<ExperimentId>3821.0</ExperimentId>
		<ExperimentType>Viability</ExperimentType>
		<Library>Flexiplate</Library>
		<CellLine>A-375</CellLine>
		<AnalysisResults>[{"OGA METHOD V2:CORRECTED_PVALUE":0.15439751582259995,"analysis_id":406,"experiment_id":3821,"gene_id":594303}]</AnalysisResults>
		<Analyses>OGA METHOD V2</Analyses>
		<ExperimentDate>2012-05-23</ExperimentDate>
	</Experiment>
	<Experiment experiment_id="3824">
		<ExperimentName>786-O_MED_10NM_REDO</ExperimentName>
		<GeneCount>150.0</GeneCount>
		<ExperimentId>3824.0</ExperimentId>
		<ExperimentType>Viability</ExperimentType>
		<Library>Flexiplate</Library>
		<CellLine>786-O</CellLine>
		<AnalysisResults>[{"OGA METHOD V2:CORRECTED_PVALUE":0.5107242507685662,"analysis_id":332,"experiment_id":3824,"gene_id":594303}]</AnalysisResults>
		<Analyses>OGA METHOD V2</Analyses>
		<ExperimentDate>2012-05-23</ExperimentDate>
	</Experiment>
	<Experiment experiment_id="3830">
		<ExperimentName>CHL-1_LOW_10NM_COPY2</ExperimentName>
		<GeneCount>571.0</GeneCount>
		<ExperimentId>3830.0</ExperimentId>
		<ExperimentType>Viability</ExperimentType>
		<Library>Flexiplate</Library>
		<CellLine>CHL-1</CellLine>
		<AnalysisResults>[{"OGA METHOD V2:CORRECTED_PVALUE":0.9998803412221325,"analysis_id":443,"experiment_id":3830,"gene_id":594303}]</AnalysisResults>
		<Analyses>OGA METHOD V2</Analyses>
		<ExperimentDate>2012-05-23</ExperimentDate>
	</Experiment>
	<Experiment experiment_id="3714">
		<ExperimentName>RPT3_MED_10NM</ExperimentName>
		<GeneCount>150.0</GeneCount>
		<ExperimentId>3714.0</ExperimentId>
		<ExperimentType>Viability</ExperimentType>
		<Library>Flexiplate</Library>
		<CellLine>RPT3</CellLine>
		<AnalysisResults>[{"OGA METHOD V2:CORRECTED_PVALUE":0.5832837862662609,"analysis_id":584,"experiment_id":3714,"gene_id":594303}]</AnalysisResults>
		<Analyses>OGA METHOD V2</Analyses>
		<ExperimentDate>2012-05-23</ExperimentDate>
	</Experiment>
	<Experiment experiment_id="3723">
		<ExperimentName>BT-549_MED_10NM</ExperimentName>
		<GeneCount>1543.0</GeneCount>
		<ExperimentId>3723.0</ExperimentId>
		<ExperimentType>Viability</ExperimentType>
		<Library>Flexiplate</Library>
		<CellLine>BT-549</CellLine>
		<AnalysisResults>[{"OGA METHOD V2:CORRECTED_PVALUE":0.9858745535287887,"analysis_id":401,"experiment_id":3723,"gene_id":594303}]</AnalysisResults>
		<Analyses>OGA METHOD V2</Analyses>
		<ExperimentDate>2012-05-23</ExperimentDate>
	</Experiment>
	<Experiment experiment_id="3726">
		<ExperimentName>LS174T_R12_10_Oncology_v2</ExperimentName>
		<GeneCount>2548.0</GeneCount>
		<ExperimentId>3726.0</ExperimentId>
		<ExperimentType>Viability</ExperimentType>
		<Library>Flexiplate</Library>
		<CellLine>LS 174T</CellLine>
		<AnalysisResults>[{"OGA METHOD V2:CORRECTED_PVALUE":0.04037328249729216,"analysis_id":186,"experiment_id":3726,"gene_id":594303}]</AnalysisResults>
		<Analyses>OGA METHOD V2</Analyses>
		<ExperimentDate>2012-05-23</ExperimentDate>
	</Experiment>
	<Experiment experiment_id="3738">
		<ExperimentName>OV90_R06_10_Oncology_v2</ExperimentName>
		<GeneCount>2548.0</GeneCount>
		<ExperimentId>3738.0</ExperimentId>
		<ExperimentType>Viability</ExperimentType>
		<Library>Flexiplate</Library>
		<CellLine>OV-90</CellLine>
		<AnalysisResults>[{"OGA METHOD V2:CORRECTED_PVALUE":0.9720861484067114,"analysis_id":110,"experiment_id":3738,"gene_id":594303}]</AnalysisResults>
		<Analyses>OGA METHOD V2</Analyses>
		<ExperimentDate>2012-05-23</ExperimentDate>
	</Experiment>
	<Experiment experiment_id="3753">
		<ExperimentName>HCC-1143_LOW_30NM</ExperimentName>
		<GeneCount>1544.0</GeneCount>
		<ExperimentId>3753.0</ExperimentId>
		<ExperimentType>Viability</ExperimentType>
		<Library>Flexiplate</Library>
		<CellLine>HCC1143</CellLine>
		<AnalysisResults>[{"OGA METHOD V2:CORRECTED_PVALUE":0.9999492820265843,"analysis_id":236,"experiment_id":3753,"gene_id":594303}]</AnalysisResults>
		<Analyses>OGA METHOD V2</Analyses>
		<ExperimentDate>2012-05-23</ExperimentDate>
	</Experiment>
	<Experiment experiment_id="3762">
		<ExperimentName>DAOY_LOW_30NM_COPY2</ExperimentName>
		<GeneCount>553.0</GeneCount>
		<ExperimentId>3762.0</ExperimentId>
		<ExperimentType>Viability</ExperimentType>
		<Library>Flexiplate</Library>
		<CellLine>Daoy</CellLine>
		<AnalysisResults>[{"OGA METHOD V2:CORRECTED_PVALUE":0.6913369081728219,"analysis_id":326,"experiment_id":3762,"gene_id":594303}]</AnalysisResults>
		<Analyses>OGA METHOD V2</Analyses>
		<ExperimentDate>2012-05-23</ExperimentDate>
	</Experiment>
	<Experiment experiment_id="3765">
		<ExperimentName>RPT3_MED_30UM_DFO</ExperimentName>
		<GeneCount>150.0</GeneCount>
		<ExperimentId>3765.0</ExperimentId>
		<ExperimentType>Viability</ExperimentType>
		<Library>Flexiplate</Library>
		<CellLine>RPT3</CellLine>
		<AnalysisResults>[{"OGA METHOD V2:CORRECTED_PVALUE":0.4823496891885045,"analysis_id":396,"experiment_id":3765,"gene_id":594303}]</AnalysisResults>
		<Analyses>OGA METHOD V2</Analyses>
		<ExperimentDate>2012-05-23</ExperimentDate>
	</Experiment>
	<Experiment experiment_id="3768">
		<ExperimentName>HCT116_R045_10_Oncology_v2</ExperimentName>
		<GeneCount>2548.0</GeneCount>
		<ExperimentId>3768.0</ExperimentId>
		<ExperimentType>Viability</ExperimentType>
		<Library>Flexiplate</Library>
		<CellLine>HCT 116</CellLine>
		<AnalysisResults>[{"OGA METHOD V2:CORRECTED_PVALUE":0.5315343450042082,"analysis_id":413,"experiment_id":3768,"gene_id":594303}]</AnalysisResults>
		<Analyses>OGA METHOD V2</Analyses>
		<ExperimentDate>2012-05-23</ExperimentDate>
	</Experiment>
	<Experiment experiment_id="3771">
		<ExperimentName>786-O_MED_10NM</ExperimentName>
		<GeneCount>150.0</GeneCount>
		<ExperimentId>3771.0</ExperimentId>
		<ExperimentType>Viability</ExperimentType>
		<Library>Flexiplate</Library>
		<CellLine>786-O</CellLine>
		<AnalysisResults>[{"OGA METHOD V2:CORRECTED_PVALUE":0.4754504010339734,"analysis_id":594,"experiment_id":3771,"gene_id":594303}]</AnalysisResults>
		<Analyses>OGA METHOD V2</Analyses>
		<ExperimentDate>2012-05-23</ExperimentDate>
	</Experiment>
	<Experiment experiment_id="3777">
		<ExperimentName>Colo205_20_R08</ExperimentName>
		<GeneCount>1566.0</GeneCount>
		<ExperimentId>3777.0</ExperimentId>
		<ExperimentType>Reporter gene</ExperimentType>
		<Library>Flexiplate</Library>
		<CellLine>COLO 205 STFRL</CellLine>
		<AnalysisResults>[{"OGA METHOD V2:CORRECTED_PVALUE":0.9670390971744849,"analysis_id":128,"experiment_id":3777,"gene_id":594303}]</AnalysisResults>
		<Analyses>OGA METHOD V2</Analyses>
		<ExperimentDate>2012-05-23</ExperimentDate>
	</Experiment>
	<Experiment experiment_id="3780">
		<ExperimentName>786-O_MED_30UM_DFO_REDO</ExperimentName>
		<GeneCount>150.0</GeneCount>
		<ExperimentId>3780.0</ExperimentId>
		<ExperimentType>Viability</ExperimentType>
		<Library>Flexiplate</Library>
		<CellLine>786-O</CellLine>
		<AnalysisResults>[{"OGA METHOD V2:CORRECTED_PVALUE":0.6086276748576417,"analysis_id":402,"experiment_id":3780,"gene_id":594303}]</AnalysisResults>
		<Analyses>OGA METHOD V2</Analyses>
		<ExperimentDate>2012-05-23</ExperimentDate>
	</Experiment>
	<Experiment experiment_id="3798">
		<ExperimentName>HCC-1954_MED_10NM</ExperimentName>
		<GeneCount>1525.0</GeneCount>
		<ExperimentId>3798.0</ExperimentId>
		<ExperimentType>Viability</ExperimentType>
		<Library>Flexiplate</Library>
		<CellLine>HCC1954</CellLine>
		<AnalysisResults>[{"OGA METHOD V2:CORRECTED_PVALUE":0.9993782645320349,"analysis_id":479,"experiment_id":3798,"gene_id":594303}]</AnalysisResults>
		<Analyses>OGA METHOD V2</Analyses>
		<ExperimentDate>2012-05-23</ExperimentDate>
	</Experiment>
	<Experiment experiment_id="3810">
		<ExperimentName>786-O_LOW_10NM_REDO</ExperimentName>
		<GeneCount>150.0</GeneCount>
		<ExperimentId>3810.0</ExperimentId>
		<ExperimentType>Viability</ExperimentType>
		<Library>Flexiplate</Library>
		<CellLine>786-O</CellLine>
		<AnalysisResults>[{"OGA METHOD V2:CORRECTED_PVALUE":0.06014470810012135,"analysis_id":26,"experiment_id":3810,"gene_id":594303}]</AnalysisResults>
		<Analyses>OGA METHOD V2</Analyses>
		<ExperimentDate>2012-05-23</ExperimentDate>
	</Experiment>
	<Experiment experiment_id="3822">
		<ExperimentName>SKMEL28_LOW_30NM</ExperimentName>
		<GeneCount>150.0</GeneCount>
		<ExperimentId>3822.0</ExperimentId>
		<ExperimentType>Viability</ExperimentType>
		<Library>Flexiplate</Library>
		<CellLine>SK-MEL-28</CellLine>
		<AnalysisResults>[{"OGA METHOD V2:CORRECTED_PVALUE":0.17126920811947988,"analysis_id":353,"experiment_id":3822,"gene_id":594303}]</AnalysisResults>
		<Analyses>OGA METHOD V2</Analyses>
		<ExperimentDate>2012-05-23</ExperimentDate>
	</Experiment>
	<Experiment experiment_id="3834">
		<ExperimentName>HELA_10NM_MED_COPY1</ExperimentName>
		<GeneCount>553.0</GeneCount>
		<ExperimentId>3834.0</ExperimentId>
		<ExperimentType>Viability</ExperimentType>
		<Library>Flexiplate</Library>
		<CellLine>HeLa</CellLine>
		<AnalysisResults>[{"OGA METHOD V2:CORRECTED_PVALUE":0.53178998295676,"analysis_id":325,"experiment_id":3834,"gene_id":594303}]</AnalysisResults>
		<Analyses>OGA METHOD V2</Analyses>
		<ExperimentDate>2012-05-23</ExperimentDate>
	</Experiment>
	<Experiment experiment_id="3843">
		<ExperimentName>LN18_MED_30NM_COPY1</ExperimentName>
		<GeneCount>498.0</GeneCount>
		<ExperimentId>3843.0</ExperimentId>
		<ExperimentType>Viability</ExperimentType>
		<Library>Flexiplate</Library>
		<CellLine>LN-18</CellLine>
		<AnalysisResults>[{"OGA METHOD V2:CORRECTED_PVALUE":0.8907345175197429,"analysis_id":412,"experiment_id":3843,"gene_id":594303}]</AnalysisResults>
		<Analyses>OGA METHOD V2</Analyses>
		<ExperimentDate>2012-05-23</ExperimentDate>
	</Experiment>
	<Experiment experiment_id="3849">
		<ExperimentName>A172_MED_10NM_COPY2</ExperimentName>
		<GeneCount>553.0</GeneCount>
		<ExperimentId>3849.0</ExperimentId>
		<ExperimentType>Viability</ExperimentType>
		<Library>Flexiplate</Library>
		<CellLine>A-172</CellLine>
		<AnalysisResults>[{"OGA METHOD V2:CORRECTED_PVALUE":0.1763216640827351,"analysis_id":593,"experiment_id":3849,"gene_id":594303}]</AnalysisResults>
		<Analyses>OGA METHOD V2</Analyses>
		<ExperimentDate>2012-05-23</ExperimentDate>
	</Experiment>
	<Experiment experiment_id="3858">
		<ExperimentName>CHL-1_LOW_10NM</ExperimentName>
		<GeneCount>571.0</GeneCount>
		<ExperimentId>3858.0</ExperimentId>
		<ExperimentType>Viability</ExperimentType>
		<Library>Flexiplate</Library>
		<CellLine>CHL-1</CellLine>
		<AnalysisResults>[{"OGA METHOD V2:CORRECTED_PVALUE":0.7632009614087357,"analysis_id":29,"experiment_id":3858,"gene_id":594303}]</AnalysisResults>
		<Analyses>OGA METHOD V2</Analyses>
		<ExperimentDate>2012-05-23</ExperimentDate>
	</Experiment>
	<Experiment experiment_id="3845">
		<ExperimentName>NCI-H1694_HIGH_10NM_COPY2</ExperimentName>
		<GeneCount>571.0</GeneCount>
		<ExperimentId>3845.0</ExperimentId>
		<ExperimentType>Viability</ExperimentType>
		<Library>Flexiplate</Library>
		<CellLine>NCI-H1694</CellLine>
		<AnalysisResults>[{"OGA METHOD V2:CORRECTED_PVALUE":0.9997500948796814,"analysis_id":441,"experiment_id":3845,"gene_id":594303}]</AnalysisResults>
		<Analyses>OGA METHOD V2</Analyses>
		<ExperimentDate>2012-05-23</ExperimentDate>
	</Experiment>
	<Experiment experiment_id="3848">
		<ExperimentName>MDA-MB-468_MED_10NM_COPY2</ExperimentName>
		<GeneCount>603.0</GeneCount>
		<ExperimentId>3848.0</ExperimentId>
		<ExperimentType>Viability</ExperimentType>
		<Library>Flexiplate</Library>
		<CellLine>MDA-MB-468</CellLine>
		<AnalysisResults>[{"OGA METHOD V2:CORRECTED_PVALUE":1.042446905395343,"analysis_id":605,"experiment_id":3848,"gene_id":594303}]</AnalysisResults>
		<Analyses>OGA METHOD V2</Analyses>
		<ExperimentDate>2012-05-23</ExperimentDate>
	</Experiment>
	<Experiment experiment_id="3857">
		<ExperimentName>NCI-H1299_LOW_10NM</ExperimentName>
		<GeneCount>1699.0</GeneCount>
		<ExperimentId>3857.0</ExperimentId>
		<ExperimentType>Viability</ExperimentType>
		<Library>Flexiplate</Library>
		<CellLine>NCI-H1299</CellLine>
		<AnalysisResults>[{"OGA METHOD V2:CORRECTED_PVALUE":0.9998994075145875,"analysis_id":247,"experiment_id":3857,"gene_id":594303}]</AnalysisResults>
		<Analyses>OGA METHOD V2</Analyses>
		<ExperimentDate>2012-05-23</ExperimentDate>
	</Experiment>
	<Experiment experiment_id="3863">
		<ExperimentName>SW480-STF-RL_R06_10</ExperimentName>
		<GeneCount>1516.0</GeneCount>
		<ExperimentId>3863.0</ExperimentId>
		<ExperimentType>Reporter gene</ExperimentType>
		<Library>Flexiplate</Library>
		<CellLine>SW480 STFRL</CellLine>
		<AnalysisResults>[{"OGA METHOD V2:CORRECTED_PVALUE":0.9719148156978583,"analysis_id":127,"experiment_id":3863,"gene_id":594303}]</AnalysisResults>
		<Analyses>OGA METHOD V2</Analyses>
		<ExperimentDate>2012-05-23</ExperimentDate>
	</Experiment>
	<Experiment experiment_id="3881">
		<ExperimentName>SKMEL2_MED_30NM</ExperimentName>
		<GeneCount>150.0</GeneCount>
		<ExperimentId>3881.0</ExperimentId>
		<ExperimentType>Viability</ExperimentType>
		<Library>Flexiplate</Library>
		<CellLine>SK-MEL-2</CellLine>
		<AnalysisResults>[{"OGA METHOD V2:CORRECTED_PVALUE":0.31762741926735094,"analysis_id":409,"experiment_id":3881,"gene_id":594303}]</AnalysisResults>
		<Analyses>OGA METHOD V2</Analyses>
		<ExperimentDate>2012-05-23</ExperimentDate>
	</Experiment>
	<Experiment experiment_id="3896">
		<ExperimentName>RPT3_LOW_30UM_DFO</ExperimentName>
		<GeneCount>150.0</GeneCount>
		<ExperimentId>3896.0</ExperimentId>
		<ExperimentType>Viability</ExperimentType>
		<Library>Flexiplate</Library>
		<CellLine>RPT3</CellLine>
		<AnalysisResults>[{"OGA METHOD V2:CORRECTED_PVALUE":0.733730434765061,"analysis_id":329,"experiment_id":3896,"gene_id":594303}]</AnalysisResults>
		<Analyses>OGA METHOD V2</Analyses>
		<ExperimentDate>2012-05-23</ExperimentDate>
	</Experiment>
	<Experiment experiment_id="3902">
		<ExperimentName>786-O_LOW_10NM</ExperimentName>
		<GeneCount>150.0</GeneCount>
		<ExperimentId>3902.0</ExperimentId>
		<ExperimentType>Viability</ExperimentType>
		<Library>Flexiplate</Library>
		<CellLine>786-O</CellLine>
		<AnalysisResults>[{"OGA METHOD V2:CORRECTED_PVALUE":0.3728587912061092,"analysis_id":352,"experiment_id":3902,"gene_id":594303}]</AnalysisResults>
		<Analyses>OGA METHOD V2</Analyses>
		<ExperimentDate>2012-05-23</ExperimentDate>
	</Experiment>
	<Experiment experiment_id="3905">
		<ExperimentName>NCI-H1299_HIGH_10NM</ExperimentName>
		<GeneCount>1699.0</GeneCount>
		<ExperimentId>3905.0</ExperimentId>
		<ExperimentType>Viability</ExperimentType>
		<Library>Flexiplate</Library>
		<CellLine>NCI-H1299</CellLine>
		<AnalysisResults>[{"OGA METHOD V2:CORRECTED_PVALUE":0.9999941649159246,"analysis_id":176,"experiment_id":3905,"gene_id":594303}]</AnalysisResults>
		<Analyses>OGA METHOD V2</Analyses>
		<ExperimentDate>2012-05-23</ExperimentDate>
	</Experiment>
	<Experiment experiment_id="3908">
		<ExperimentName>SKOV-3_MED_10NM</ExperimentName>
		<GeneCount>1699.0</GeneCount>
		<ExperimentId>3908.0</ExperimentId>
		<ExperimentType>Viability</ExperimentType>
		<Library>Flexiplate</Library>
		<CellLine>SK-OV-3</CellLine>
		<AnalysisResults>[{"OGA METHOD V2:CORRECTED_PVALUE":0.9999586074988414,"analysis_id":269,"experiment_id":3908,"gene_id":594303}]</AnalysisResults>
		<Analyses>OGA METHOD V2</Analyses>
		<ExperimentDate>2012-05-23</ExperimentDate>
	</Experiment>
	<Experiment experiment_id="3938">
		<ExperimentName>NCI-H1694_HIGH_10NM_COPY1</ExperimentName>
		<GeneCount>571.0</GeneCount>
		<ExperimentId>3938.0</ExperimentId>
		<ExperimentType>Viability</ExperimentType>
		<Library>Flexiplate</Library>
		<CellLine>NCI-H1694</CellLine>
		<AnalysisResults>[{"OGA METHOD V2:CORRECTED_PVALUE":0.9309707507568625,"analysis_id":438,"experiment_id":3938,"gene_id":594303}]</AnalysisResults>
		<Analyses>OGA METHOD V2</Analyses>
		<ExperimentDate>2012-05-23</ExperimentDate>
	</Experiment>
	<Experiment experiment_id="3941">
		<ExperimentName>A673_LOW_10NM</ExperimentName>
		<GeneCount>603.0</GeneCount>
		<ExperimentId>3941.0</ExperimentId>
		<ExperimentType>Viability</ExperimentType>
		<Library>Flexiplate</Library>
		<CellLine>A-673</CellLine>
		<AnalysisResults>[{"OGA METHOD V2:CORRECTED_PVALUE":0.7840504026715653,"analysis_id":586,"experiment_id":3941,"gene_id":594303}]</AnalysisResults>
		<Analyses>OGA METHOD V2</Analyses>
		<ExperimentDate>2012-05-23</ExperimentDate>
	</Experiment>
	<Experiment experiment_id="3944">
		<ExperimentName>LN18_MED_30NM_COPY2</ExperimentName>
		<GeneCount>539.0</GeneCount>
		<ExperimentId>3944.0</ExperimentId>
		<ExperimentType>Viability</ExperimentType>
		<Library>Flexiplate</Library>
		<CellLine>LN-18</CellLine>
		<AnalysisResults>[{"OGA METHOD V2:CORRECTED_PVALUE":0.9999789794589605,"analysis_id":320,"experiment_id":3944,"gene_id":594303}]</AnalysisResults>
		<Analyses>OGA METHOD V2</Analyses>
		<ExperimentDate>2012-05-23</ExperimentDate>
	</Experiment>
	<Experiment experiment_id="3947">
		<ExperimentName>HCC-1954_LOWMED_10NM_120H</ExperimentName>
		<GeneCount>1544.0</GeneCount>
		<ExperimentId>3947.0</ExperimentId>
		<ExperimentType>Viability</ExperimentType>
		<Library>Flexiplate</Library>
		<CellLine>HCC1954</CellLine>
		<AnalysisResults>[{"OGA METHOD V2:CORRECTED_PVALUE":0.7270271325456588,"analysis_id":237,"experiment_id":3947,"gene_id":594303}]</AnalysisResults>
		<Analyses>OGA METHOD V2</Analyses>
		<ExperimentDate>2012-05-23</ExperimentDate>
	</Experiment>
	<Experiment experiment_id="3953">
		<ExperimentName>SKMEL5_HIGH_30NM</ExperimentName>
		<GeneCount>150.0</GeneCount>
		<ExperimentId>3953.0</ExperimentId>
		<ExperimentType>Viability</ExperimentType>
		<Library>Flexiplate</Library>
		<CellLine>SK-MEL-5</CellLine>
		<AnalysisResults>[{"OGA METHOD V2:CORRECTED_PVALUE":0.3195438076993358,"analysis_id":583,"experiment_id":3953,"gene_id":594303}]</AnalysisResults>
		<Analyses>OGA METHOD V2</Analyses>
		<ExperimentDate>2012-05-23</ExperimentDate>
	</Experiment>
	<Experiment experiment_id="3956">
		<ExperimentName>786-O_LOW_30UM_DFO</ExperimentName>
		<GeneCount>150.0</GeneCount>
		<ExperimentId>3956.0</ExperimentId>
		<ExperimentType>Viability</ExperimentType>
		<Library>Flexiplate</Library>
		<CellLine>786-O</CellLine>
		<AnalysisResults>[{"OGA METHOD V2:CORRECTED_PVALUE":0.37106035251469155,"analysis_id":417,"experiment_id":3956,"gene_id":594303}]</AnalysisResults>
		<Analyses>OGA METHOD V2</Analyses>
		<ExperimentDate>2012-05-23</ExperimentDate>
	</Experiment>
	<Experiment experiment_id="3962">
		<ExperimentName>CAL51_LOW_10NM_DMSO</ExperimentName>
		<GeneCount>1553.0</GeneCount>
		<ExperimentId>3962.0</ExperimentId>
		<ExperimentType>Viability</ExperimentType>
		<Library>Flexiplate</Library>
		<CellLine>CAL-51</CellLine>
		<AnalysisResults>[{"OGA METHOD V2:CORRECTED_PVALUE":0.43719938574289224,"analysis_id":436,"experiment_id":3962,"gene_id":594303}]</AnalysisResults>
		<Analyses>OGA METHOD V2</Analyses>
		<ExperimentDate>2012-05-23</ExperimentDate>
	</Experiment>
	<Experiment experiment_id="3965">
		<ExperimentName>KM12_LOW_10NM_COPY2</ExperimentName>
		<GeneCount>553.0</GeneCount>
		<ExperimentId>3965.0</ExperimentId>
		<ExperimentType>Viability</ExperimentType>
		<Library>Flexiplate</Library>
		<CellLine>KM12</CellLine>
		<AnalysisResults>[{"OGA METHOD V2:CORRECTED_PVALUE":0.9999999975184507,"analysis_id":411,"experiment_id":3965,"gene_id":594303}]</AnalysisResults>
		<Analyses>OGA METHOD V2</Analyses>
		<ExperimentDate>2012-05-23</ExperimentDate>
	</Experiment>
	<Experiment experiment_id="3968">
		<ExperimentName>HCT116_R055_10_Oncology_v2</ExperimentName>
		<GeneCount>2548.0</GeneCount>
		<ExperimentId>3968.0</ExperimentId>
		<ExperimentType>Viability</ExperimentType>
		<Library>Flexiplate</Library>
		<CellLine>HCT 116</CellLine>
		<AnalysisResults>[{"OGA METHOD V2:CORRECTED_PVALUE":0.3863507657414225,"analysis_id":482,"experiment_id":3968,"gene_id":594303}]</AnalysisResults>
		<Analyses>OGA METHOD V2</Analyses>
		<ExperimentDate>2012-05-23</ExperimentDate>
	</Experiment>
	<Experiment experiment_id="3974">
		<ExperimentName>786-O_MED_30UM_DFO</ExperimentName>
		<GeneCount>150.0</GeneCount>
		<ExperimentId>3974.0</ExperimentId>
		<ExperimentType>Viability</ExperimentType>
		<Library>Flexiplate</Library>
		<CellLine>786-O</CellLine>
		<AnalysisResults>[{"OGA METHOD V2:CORRECTED_PVALUE":0.7007897110079642,"analysis_id":585,"experiment_id":3974,"gene_id":594303}]</AnalysisResults>
		<Analyses>OGA METHOD V2</Analyses>
		<ExperimentDate>2012-05-23</ExperimentDate>
	</Experiment>
	<Experiment experiment_id="3977">
		<ExperimentName>LS174T_R04_10_Oncology_v2</ExperimentName>
		<GeneCount>2548.0</GeneCount>
		<ExperimentId>3977.0</ExperimentId>
		<ExperimentType>Viability</ExperimentType>
		<Library>Flexiplate</Library>
		<CellLine>LS 174T</CellLine>
		<AnalysisResults>[{"OGA METHOD V2:CORRECTED_PVALUE":5.535687223621743E-4,"analysis_id":204,"experiment_id":3977,"gene_id":594303}]</AnalysisResults>
		<Analyses>OGA METHOD V2</Analyses>
		<ExperimentDate>2012-05-23</ExperimentDate>
	</Experiment>
	<Experiment experiment_id="3882">
		<ExperimentName>M14_MED_30NM</ExperimentName>
		<GeneCount>150.0</GeneCount>
		<ExperimentId>3882.0</ExperimentId>
		<ExperimentType>Viability</ExperimentType>
		<Library>Flexiplate</Library>
		<CellLine>M14</CellLine>
		<AnalysisResults>[{"OGA METHOD V2:CORRECTED_PVALUE":0.8207207244431861,"analysis_id":350,"experiment_id":3882,"gene_id":594303}]</AnalysisResults>
		<Analyses>OGA METHOD V2</Analyses>
		<ExperimentDate>2012-05-23</ExperimentDate>
	</Experiment>
	<Experiment experiment_id="3891">
		<ExperimentName>NCI-H520_R04_10_EDGv1</ExperimentName>
		<GeneCount>14384.0</GeneCount>
		<ExperimentId>3891.0</ExperimentId>
		<ExperimentType>Viability</ExperimentType>
		<Library>Flexiplate</Library>
		<CellLine>NCI-H520</CellLine>
		<AnalysisResults>[{"OGA METHOD V2:CORRECTED_PVALUE":0.9999986616562555,"analysis_id":50,"experiment_id":3891,"gene_id":594303}]</AnalysisResults>
		<Analyses>OGA METHOD V2</Analyses>
		<ExperimentDate>2012-05-23</ExperimentDate>
	</Experiment>
	<Experiment experiment_id="3897">
		<ExperimentName>MDA-MB-468_LOW_10NM_COPY2</ExperimentName>
		<GeneCount>603.0</GeneCount>
		<ExperimentId>3897.0</ExperimentId>
		<ExperimentType>Viability</ExperimentType>
		<Library>Flexiplate</Library>
		<CellLine>MDA-MB-468</CellLine>
		<AnalysisResults>[{"OGA METHOD V2:CORRECTED_PVALUE":0.9999941680482153,"analysis_id":579,"experiment_id":3897,"gene_id":594303}]</AnalysisResults>
		<Analyses>OGA METHOD V2</Analyses>
		<ExperimentDate>2012-05-23</ExperimentDate>
	</Experiment>
	<Experiment experiment_id="3903">
		<ExperimentName>HCC-70_MED_10NM</ExperimentName>
		<GeneCount>1544.0</GeneCount>
		<ExperimentId>3903.0</ExperimentId>
		<ExperimentType>Viability</ExperimentType>
		<Library>Flexiplate</Library>
		<CellLine>HCC70</CellLine>
		<AnalysisResults>[{"OGA METHOD V2:CORRECTED_PVALUE":0.9266101903292019,"analysis_id":239,"experiment_id":3903,"gene_id":594303}]</AnalysisResults>
		<Analyses>OGA METHOD V2</Analyses>
		<ExperimentDate>2012-05-23</ExperimentDate>
	</Experiment>
	<Experiment experiment_id="3915">
		<ExperimentName>KM12_MED_10NM_COPY2</ExperimentName>
		<GeneCount>553.0</GeneCount>
		<ExperimentId>3915.0</ExperimentId>
		<ExperimentType>Viability</ExperimentType>
		<Library>Flexiplate</Library>
		<CellLine>KM12</CellLine>
		<AnalysisResults>[{"OGA METHOD V2:CORRECTED_PVALUE":0.8870225600763528,"analysis_id":336,"experiment_id":3915,"gene_id":594303}]</AnalysisResults>
		<Analyses>OGA METHOD V2</Analyses>
		<ExperimentDate>2012-05-23</ExperimentDate>
	</Experiment>
	<Experiment experiment_id="3921">
		<ExperimentName>HMEC_MED_10NM_COPY2</ExperimentName>
		<GeneCount>603.0</GeneCount>
		<ExperimentId>3921.0</ExperimentId>
		<ExperimentType>Viability</ExperimentType>
		<Library>Flexiplate</Library>
		<AnalysisResults>[{"OGA METHOD V2:CORRECTED_PVALUE":7.972765972125945E-5,"analysis_id":599,"experiment_id":3921,"gene_id":594303}]</AnalysisResults>
		<Analyses>OGA METHOD V2</Analyses>
		<ExperimentDate>2012-05-23</ExperimentDate>
	</Experiment>
	<Experiment experiment_id="3930">
		<ExperimentName>SW48_R10_10_Oncology_v2</ExperimentName>
		<GeneCount>2548.0</GeneCount>
		<ExperimentId>3930.0</ExperimentId>
		<ExperimentType>Viability</ExperimentType>
		<Library>Flexiplate</Library>
		<CellLine>SW48</CellLine>
		<AnalysisResults>[{"OGA METHOD V2:CORRECTED_PVALUE":0.17892816853391408,"analysis_id":187,"experiment_id":3930,"gene_id":594303}]</AnalysisResults>
		<Analyses>OGA METHOD V2</Analyses>
		<ExperimentDate>2012-05-23</ExperimentDate>
	</Experiment>
	<Experiment experiment_id="3933">
		<ExperimentName>DAOY_LOW_30NM_COPY1</ExperimentName>
		<GeneCount>553.0</GeneCount>
		<ExperimentId>3933.0</ExperimentId>
		<ExperimentType>Viability</ExperimentType>
		<Library>Flexiplate</Library>
		<CellLine>Daoy</CellLine>
		<AnalysisResults>[{"OGA METHOD V2:CORRECTED_PVALUE":0.5328966359080656,"analysis_id":30,"experiment_id":3933,"gene_id":594303}]</AnalysisResults>
		<Analyses>OGA METHOD V2</Analyses>
		<ExperimentDate>2012-05-23</ExperimentDate>
	</Experiment>
	<Experiment experiment_id="3942">
		<ExperimentName>NCI-H460_LOW_10NM_COPY1</ExperimentName>
		<GeneCount>553.0</GeneCount>
		<ExperimentId>3942.0</ExperimentId>
		<ExperimentType>Viability</ExperimentType>
		<Library>Flexiplate</Library>
		<CellLine>NCI-H460</CellLine>
		<AnalysisResults>[{"OGA METHOD V2:CORRECTED_PVALUE":0.14605488853977372,"analysis_id":324,"experiment_id":3942,"gene_id":594303}]</AnalysisResults>
		<Analyses>OGA METHOD V2</Analyses>
		<ExperimentDate>2012-05-23</ExperimentDate>
	</Experiment>
	<Experiment experiment_id="3945">
		<ExperimentName>UT7_HIGH_30NM_GM-CSF</ExperimentName>
		<GeneCount>2371.0</GeneCount>
		<ExperimentId>3945.0</ExperimentId>
		<ExperimentType>Viability</ExperimentType>
		<Library>Flexiplate</Library>
		<CellLine>UT-7</CellLine>
		<AnalysisResults>[{"OGA METHOD V2:CORRECTED_PVALUE":0.9545407625194845,"analysis_id":391,"experiment_id":3945,"gene_id":594303}]</AnalysisResults>
		<Analyses>OGA METHOD V2</Analyses>
		<ExperimentDate>2012-05-23</ExperimentDate>
	</Experiment>
	<Experiment experiment_id="3951">
		<ExperimentName>COLO320DM_HIGH_10NM</ExperimentName>
		<GeneCount>553.0</GeneCount>
		<ExperimentId>3951.0</ExperimentId>
		<ExperimentType>Viability</ExperimentType>
		<Library>Flexiplate</Library>
		<CellLine>COLO 320DM</CellLine>
		<AnalysisResults>[{"OGA METHOD V2:CORRECTED_PVALUE":0.9792379817834325,"analysis_id":480,"experiment_id":3951,"gene_id":594303}]</AnalysisResults>
		<Analyses>OGA METHOD V2</Analyses>
		<ExperimentDate>2012-05-23</ExperimentDate>
	</Experiment>
	<Experiment experiment_id="3957">
		<ExperimentName>SKMEL5_HIGH_10NM</ExperimentName>
		<GeneCount>150.0</GeneCount>
		<ExperimentId>3957.0</ExperimentId>
		<ExperimentType>Viability</ExperimentType>
		<Library>Flexiplate</Library>
		<CellLine>SK-MEL-5</CellLine>
		<AnalysisResults>[{"OGA METHOD V2:CORRECTED_PVALUE":0.4499835549182374,"analysis_id":341,"experiment_id":3957,"gene_id":594303}]</AnalysisResults>
		<Analyses>OGA METHOD V2</Analyses>
		<ExperimentDate>2012-05-23</ExperimentDate>
	</Experiment>
	<Experiment experiment_id="3963">
		<ExperimentName>HCC-1954_MED_10NM_120H</ExperimentName>
		<GeneCount>1543.0</GeneCount>
		<ExperimentId>3963.0</ExperimentId>
		<ExperimentType>Viability</ExperimentType>
		<Library>Flexiplate</Library>
		<CellLine>HCC1954</CellLine>
		<AnalysisResults>[{"OGA METHOD V2:CORRECTED_PVALUE":0.8903072999318582,"analysis_id":238,"experiment_id":3963,"gene_id":594303}]</AnalysisResults>
		<Analyses>OGA METHOD V2</Analyses>
		<ExperimentDate>2012-05-23</ExperimentDate>
	</Experiment>
	<Experiment experiment_id="3966">
		<ExperimentName>NCI-H460_LOW_30NM_COPY2</ExperimentName>
		<GeneCount>553.0</GeneCount>
		<ExperimentId>3966.0</ExperimentId>
		<ExperimentType>Viability</ExperimentType>
		<Library>Flexiplate</Library>
		<CellLine>NCI-H460</CellLine>
		<AnalysisResults>[{"OGA METHOD V2:CORRECTED_PVALUE":0.17998605267338316,"analysis_id":589,"experiment_id":3966,"gene_id":594303}]</AnalysisResults>
		<Analyses>OGA METHOD V2</Analyses>
		<ExperimentDate>2012-05-23</ExperimentDate>
	</Experiment>
	<Experiment experiment_id="3969">
		<ExperimentName>CAL51_LOW_10NM_MDM2I_COPY2</ExperimentName>
		<GeneCount>1552.0</GeneCount>
		<ExperimentId>3969.0</ExperimentId>
		<ExperimentType>Viability</ExperimentType>
		<Library>Flexiplate</Library>
		<CellLine>CAL-51</CellLine>
		<AnalysisResults>[{"OGA METHOD V2:CORRECTED_PVALUE":0.8602401522490026,"analysis_id":358,"experiment_id":3969,"gene_id":594303}]</AnalysisResults>
		<Analyses>OGA METHOD V2</Analyses>
		<ExperimentDate>2012-05-23</ExperimentDate>
	</Experiment>
	<Experiment experiment_id="3975">
		<ExperimentName>A375_LOW_30NM_COPY1</ExperimentName>
		<GeneCount>603.0</GeneCount>
		<ExperimentId>3975.0</ExperimentId>
		<ExperimentType>Viability</ExperimentType>
		<Library>Flexiplate</Library>
		<CellLine>A-375</CellLine>
		<AnalysisResults>[{"OGA METHOD V2:CORRECTED_PVALUE":0.4316101896161211,"analysis_id":484,"experiment_id":3975,"gene_id":594303}]</AnalysisResults>
		<Analyses>OGA METHOD V2</Analyses>
		<ExperimentDate>2012-05-23</ExperimentDate>
	</Experiment>
	<Experiment experiment_id="3987">
		<ExperimentName>NCI-H1734_R040_10_EDGv1</ExperimentName>
		<GeneCount>14384.0</GeneCount>
		<ExperimentId>3987.0</ExperimentId>
		<ExperimentType>Viability</ExperimentType>
		<Library>Flexiplate</Library>
		<CellLine>NCI-H1734</CellLine>
		<AnalysisResults>[{"OGA METHOD V2:CORRECTED_PVALUE":0.8622787172739788,"analysis_id":515,"experiment_id":3987,"gene_id":594303}]</AnalysisResults>
		<Analyses>OGA METHOD V2</Analyses>
		<ExperimentDate>2012-05-23</ExperimentDate>
	</Experiment>
	<Experiment experiment_id="3990">
		<ExperimentName>A2780_LOW_10NM</ExperimentName>
		<GeneCount>1699.0</GeneCount>
		<ExperimentId>3990.0</ExperimentId>
		<ExperimentType>Viability</ExperimentType>
		<Library>Flexiplate</Library>
		<CellLine>A2780</CellLine>
		<AnalysisResults>[{"OGA METHOD V2:CORRECTED_PVALUE":0.9625676225569774,"analysis_id":229,"experiment_id":3990,"gene_id":594303}]</AnalysisResults>
		<Analyses>OGA METHOD V2</Analyses>
		<ExperimentDate>2012-05-23</ExperimentDate>
	</Experiment>
	<Experiment experiment_id="4002">
		<ExperimentName>DAOY_MED_30NM_COPY1</ExperimentName>
		<GeneCount>553.0</GeneCount>
		<ExperimentId>4002.0</ExperimentId>
		<ExperimentType>Viability</ExperimentType>
		<Library>Flexiplate</Library>
		<CellLine>Daoy</CellLine>
		<AnalysisResults>[{"OGA METHOD V2:CORRECTED_PVALUE":0.8240459252916876,"analysis_id":592,"experiment_id":4002,"gene_id":594303}]</AnalysisResults>
		<Analyses>OGA METHOD V2</Analyses>
		<ExperimentDate>2012-05-23</ExperimentDate>
	</Experiment>
	<Experiment experiment_id="4005">
		<ExperimentName>CAL51_LOW_10NM_MDM2I</ExperimentName>
		<GeneCount>1553.0</GeneCount>
		<ExperimentId>4005.0</ExperimentId>
		<ExperimentType>Viability</ExperimentType>
		<Library>Flexiplate</Library>
		<CellLine>CAL-51</CellLine>
		<AnalysisResults>[{"OGA METHOD V2:CORRECTED_PVALUE":0.9425898277637494,"analysis_id":437,"experiment_id":4005,"gene_id":594303}]</AnalysisResults>
		<Analyses>OGA METHOD V2</Analyses>
		<ExperimentDate>2012-05-23</ExperimentDate>
	</Experiment>
	<Experiment experiment_id="4008">
		<ExperimentName>PFSK-1_10NM_R025</ExperimentName>
		<GeneCount>1544.0</GeneCount>
		<ExperimentId>4008.0</ExperimentId>
		<ExperimentType>Viability</ExperimentType>
		<Library>Flexiplate</Library>
		<CellLine>PFSK-1</CellLine>
		<AnalysisResults>[{"OGA METHOD V2:CORRECTED_PVALUE":0.7135153858400508,"analysis_id":434,"experiment_id":4008,"gene_id":594303}]</AnalysisResults>
		<Analyses>OGA METHOD V2</Analyses>
		<ExperimentDate>2012-05-23</ExperimentDate>
	</Experiment>
	<Experiment experiment_id="4023">
		<ExperimentName>OV90_R08_10_Oncology_v2</ExperimentName>
		<GeneCount>2548.0</GeneCount>
		<ExperimentId>4023.0</ExperimentId>
		<ExperimentType>Viability</ExperimentType>
		<Library>Flexiplate</Library>
		<CellLine>OV-90</CellLine>
		<AnalysisResults>[{"OGA METHOD V2:CORRECTED_PVALUE":0.8362753061028172,"analysis_id":207,"experiment_id":4023,"gene_id":594303}]</AnalysisResults>
		<Analyses>OGA METHOD V2</Analyses>
		<ExperimentDate>2012-05-23</ExperimentDate>
	</Experiment>
	<Experiment experiment_id="3873">
		<ExperimentName>786-O_LOW_3.3UM_DFO</ExperimentName>
		<GeneCount>150.0</GeneCount>
		<ExperimentId>3873.0</ExperimentId>
		<ExperimentType>Viability</ExperimentType>
		<Library>Flexiplate</Library>
		<CellLine>786-O</CellLine>
		<AnalysisResults>[{"OGA METHOD V2:CORRECTED_PVALUE":0.23888540324343133,"analysis_id":392,"experiment_id":3873,"gene_id":594303}]</AnalysisResults>
		<Analyses>OGA METHOD V2</Analyses>
		<ExperimentDate>2012-05-23</ExperimentDate>
	</Experiment>
	<Experiment experiment_id="3730">
		<ExperimentName>A498_R04_10_Oncology_v2</ExperimentName>
		<GeneCount>2548.0</GeneCount>
		<ExperimentId>3730.0</ExperimentId>
		<ExperimentType>Viability</ExperimentType>
		<Library>Flexiplate</Library>
		<CellLine>A-498</CellLine>
		<AnalysisResults>[{"OGA METHOD V2:CORRECTED_PVALUE":0.5672559478378514,"analysis_id":131,"experiment_id":3730,"gene_id":594303}]</AnalysisResults>
		<Analyses>OGA METHOD V2</Analyses>
		<ExperimentDate>2012-05-23</ExperimentDate>
	</Experiment>
	<Experiment experiment_id="3742">
		<ExperimentName>NCI-H1838_R06_20_EDGv1</ExperimentName>
		<GeneCount>14384.0</GeneCount>
		<ExperimentId>3742.0</ExperimentId>
		<ExperimentType>Viability</ExperimentType>
		<Library>Flexiplate</Library>
		<CellLine>NCI-H1838</CellLine>
		<AnalysisResults>[{"OGA METHOD V2:CORRECTED_PVALUE":0.91289531585429,"analysis_id":64,"experiment_id":3742,"gene_id":594303}]</AnalysisResults>
		<Analyses>OGA METHOD V2</Analyses>
		<ExperimentDate>2012-05-23</ExperimentDate>
	</Experiment>
	<Experiment experiment_id="3745">
		<ExperimentName>RPT3_LOW_100UM_DFO</ExperimentName>
		<GeneCount>150.0</GeneCount>
		<ExperimentId>3745.0</ExperimentId>
		<ExperimentType>Viability</ExperimentType>
		<Library>Flexiplate</Library>
		<CellLine>RPT3</CellLine>
		<AnalysisResults>[{"OGA METHOD V2:CORRECTED_PVALUE":0.8361078494316949,"analysis_id":318,"experiment_id":3745,"gene_id":594303}]</AnalysisResults>
		<Analyses>OGA METHOD V2</Analyses>
		<ExperimentDate>2012-05-23</ExperimentDate>
	</Experiment>
	<Experiment experiment_id="3748">
		<ExperimentName>SJSA1_R06_30nM_MDM2i_0.8uM</ExperimentName>
		<GeneCount>1557.0</GeneCount>
		<ExperimentId>3748.0</ExperimentId>
		<ExperimentType>Viability</ExperimentType>
		<Library>Flexiplate</Library>
		<CellLine>SJSA-1</CellLine>
		<AnalysisResults>[{"OGA METHOD V2:CORRECTED_PVALUE":0.8196324140339643,"analysis_id":448,"experiment_id":3748,"gene_id":594303}]</AnalysisResults>
		<Analyses>OGA METHOD V2</Analyses>
		<ExperimentDate>2012-05-23</ExperimentDate>
	</Experiment>
	<Experiment experiment_id="3760">
		<ExperimentName>DLD1-STF-RL_R02_10</ExperimentName>
		<GeneCount>1566.0</GeneCount>
		<ExperimentId>3760.0</ExperimentId>
		<ExperimentType>Reporter gene</ExperimentType>
		<Library>Flexiplate</Library>
		<CellLine>DLD-1 STFRL</CellLine>
		<AnalysisResults>[{"OGA METHOD V2:CORRECTED_PVALUE":0.9999999987079373,"analysis_id":126,"experiment_id":3760,"gene_id":594303}]</AnalysisResults>
		<Analyses>OGA METHOD V2</Analyses>
		<ExperimentDate>2012-05-23</ExperimentDate>
	</Experiment>
	<Experiment experiment_id="3766">
		<ExperimentName>NCI-H1651_R06_10_EDGV1</ExperimentName>
		<GeneCount>14384.0</GeneCount>
		<ExperimentId>3766.0</ExperimentId>
		<ExperimentType>Viability</ExperimentType>
		<Library>Flexiplate</Library>
		<CellLine>NCI-H1651</CellLine>
		<AnalysisResults>[{"OGA METHOD V2:CORRECTED_PVALUE":0.9999999999999063,"analysis_id":502,"experiment_id":3766,"gene_id":594303}]</AnalysisResults>
		<Analyses>OGA METHOD V2</Analyses>
		<ExperimentDate>2012-05-23</ExperimentDate>
	</Experiment>
	<Experiment experiment_id="3769">
		<ExperimentName>MDAMB436_R04_10_Oncology_v2</ExperimentName>
		<GeneCount>2548.0</GeneCount>
		<ExperimentId>3769.0</ExperimentId>
		<ExperimentType>Viability</ExperimentType>
		<Library>Flexiplate</Library>
		<CellLine>MDA-MB-436</CellLine>
		<AnalysisResults>[{"OGA METHOD V2:CORRECTED_PVALUE":0.6664289011486687,"analysis_id":257,"experiment_id":3769,"gene_id":594303}]</AnalysisResults>
		<Analyses>OGA METHOD V2</Analyses>
		<ExperimentDate>2012-05-23</ExperimentDate>
	</Experiment>
	<Experiment experiment_id="3772">
		<ExperimentName>HCC1937_R08_10_Oncology_v2</ExperimentName>
		<GeneCount>2548.0</GeneCount>
		<ExperimentId>3772.0</ExperimentId>
		<ExperimentType>Viability</ExperimentType>
		<Library>Flexiplate</Library>
		<CellLine>HCC1937</CellLine>
		<AnalysisResults>[{"OGA METHOD V2:CORRECTED_PVALUE":0.9999158682364705,"analysis_id":112,"experiment_id":3772,"gene_id":594303}]</AnalysisResults>
		<Analyses>OGA METHOD V2</Analyses>
		<ExperimentDate>2012-05-23</ExperimentDate>
	</Experiment>
	<Experiment experiment_id="3715">
		<ExperimentName>LN229_MED_30NM_COPY1</ExperimentName>
		<GeneCount>553.0</GeneCount>
		<ExperimentId>3715.0</ExperimentId>
		<ExperimentType>Viability</ExperimentType>
		<Library>Flexiplate</Library>
		<CellLine>LN-229</CellLine>
		<AnalysisResults>[{"OGA METHOD V2:CORRECTED_PVALUE":0.4511099383332231,"analysis_id":602,"experiment_id":3715,"gene_id":594303}]</AnalysisResults>
		<Analyses>OGA METHOD V2</Analyses>
		<ExperimentDate>2012-05-23</ExperimentDate>
	</Experiment>
	<Experiment experiment_id="3778">
		<ExperimentName>NCI-H838_R055_10_EDGv1</ExperimentName>
		<GeneCount>14384.0</GeneCount>
		<ExperimentId>3778.0</ExperimentId>
		<ExperimentType>Viability</ExperimentType>
		<Library>Flexiplate</Library>
		<CellLine>NCI-H838</CellLine>
		<AnalysisResults>[{"OGA METHOD V2:CORRECTED_PVALUE":0.9677052586518021,"analysis_id":445,"experiment_id":3778,"gene_id":594303}]</AnalysisResults>
		<Analyses>OGA METHOD V2</Analyses>
		<ExperimentDate>2012-05-23</ExperimentDate>
	</Experiment>
	<Experiment experiment_id="3784">
		<ExperimentName>PFSK-1_30NM_R015</ExperimentName>
		<GeneCount>1544.0</GeneCount>
		<ExperimentId>3784.0</ExperimentId>
		<ExperimentType>Viability</ExperimentType>
		<Library>Flexiplate</Library>
		<CellLine>PFSK-1</CellLine>
		<AnalysisResults>[{"OGA METHOD V2:CORRECTED_PVALUE":0.7704702936704827,"analysis_id":181,"experiment_id":3784,"gene_id":594303}]</AnalysisResults>
		<Analyses>OGA METHOD V2</Analyses>
		<ExperimentDate>2012-05-23</ExperimentDate>
	</Experiment>
	<Experiment experiment_id="3790">
		<ExperimentName>RPT3_LOW_10NM</ExperimentName>
		<GeneCount>150.0</GeneCount>
		<ExperimentId>3790.0</ExperimentId>
		<ExperimentType>Viability</ExperimentType>
		<Library>Flexiplate</Library>
		<CellLine>RPT3</CellLine>
		<AnalysisResults>[{"OGA METHOD V2:CORRECTED_PVALUE":0.8620139283232581,"analysis_id":394,"experiment_id":3790,"gene_id":594303}]</AnalysisResults>
		<Analyses>OGA METHOD V2</Analyses>
		<ExperimentDate>2012-05-23</ExperimentDate>
	</Experiment>
	<Experiment experiment_id="3799">
		<ExperimentName>LOX_MED_30NM_COPY1</ExperimentName>
		<GeneCount>603.0</GeneCount>
		<ExperimentId>3799.0</ExperimentId>
		<ExperimentType>Viability</ExperimentType>
		<Library>Flexiplate</Library>
		<CellLine>LOXIMVI</CellLine>
		<AnalysisResults>[{"OGA METHOD V2:CORRECTED_PVALUE":1.0380153227201372,"analysis_id":16,"experiment_id":3799,"gene_id":594303}]</AnalysisResults>
		<Analyses>OGA METHOD V2</Analyses>
		<ExperimentDate>2012-05-23</ExperimentDate>
	</Experiment>
	<Experiment experiment_id="3802">
		<ExperimentName>HCC1937_R06_10_Oncology_v2</ExperimentName>
		<GeneCount>2548.0</GeneCount>
		<ExperimentId>3802.0</ExperimentId>
		<ExperimentType>Viability</ExperimentType>
		<Library>Flexiplate</Library>
		<CellLine>HCC1937</CellLine>
		<AnalysisResults>[{"OGA METHOD V2:CORRECTED_PVALUE":0.8249500527480804,"analysis_id":202,"experiment_id":3802,"gene_id":594303}]</AnalysisResults>
		<Analyses>OGA METHOD V2</Analyses>
		<ExperimentDate>2012-05-23</ExperimentDate>
	</Experiment>
	<Experiment experiment_id="3808">
		<ExperimentName>CAMA-1_LOW_10NM</ExperimentName>
		<GeneCount>1544.0</GeneCount>
		<ExperimentId>3808.0</ExperimentId>
		<ExperimentType>Viability</ExperimentType>
		<Library>Flexiplate</Library>
		<CellLine>CAMA-1</CellLine>
		<AnalysisResults>[{"OGA METHOD V2:CORRECTED_PVALUE":0.517870835095757,"analysis_id":433,"experiment_id":3808,"gene_id":594303}]</AnalysisResults>
		<Analyses>OGA METHOD V2</Analyses>
		<ExperimentDate>2012-05-23</ExperimentDate>
	</Experiment>
	<Experiment experiment_id="3811">
		<ExperimentName>NCI-H1694_MED_10NM_COPY2</ExperimentName>
		<GeneCount>571.0</GeneCount>
		<ExperimentId>3811.0</ExperimentId>
		<ExperimentType>Viability</ExperimentType>
		<Library>Flexiplate</Library>
		<CellLine>NCI-H1694</CellLine>
		<AnalysisResults>[{"OGA METHOD V2:CORRECTED_PVALUE":0.999929227792014,"analysis_id":442,"experiment_id":3811,"gene_id":594303}]</AnalysisResults>
		<Analyses>OGA METHOD V2</Analyses>
		<ExperimentDate>2012-05-23</ExperimentDate>
	</Experiment>
	<Experiment experiment_id="3823">
		<ExperimentName>786-O_LOW_100UM_DFO</ExperimentName>
		<GeneCount>150.0</GeneCount>
		<ExperimentId>3823.0</ExperimentId>
		<ExperimentType>Viability</ExperimentType>
		<Library>Flexiplate</Library>
		<CellLine>786-O</CellLine>
		<AnalysisResults>[{"OGA METHOD V2:CORRECTED_PVALUE":0.13190238402842275,"analysis_id":595,"experiment_id":3823,"gene_id":594303}]</AnalysisResults>
		<Analyses>OGA METHOD V2</Analyses>
		<ExperimentDate>2012-05-23</ExperimentDate>
	</Experiment>
	<Experiment experiment_id="3832">
		<ExperimentName>786-O_MED_100UM_DFO</ExperimentName>
		<GeneCount>150.0</GeneCount>
		<ExperimentId>3832.0</ExperimentId>
		<ExperimentType>Viability</ExperimentType>
		<Library>Flexiplate</Library>
		<CellLine>786-O</CellLine>
		<AnalysisResults>[{"OGA METHOD V2:CORRECTED_PVALUE":0.7825069329988857,"analysis_id":486,"experiment_id":3832,"gene_id":594303}]</AnalysisResults>
		<Analyses>OGA METHOD V2</Analyses>
		<ExperimentDate>2012-05-23</ExperimentDate>
	</Experiment>
	<Experiment experiment_id="3841">
		<ExperimentName>786-O_LOW_30UM_DFO_REDO</ExperimentName>
		<GeneCount>150.0</GeneCount>
		<ExperimentId>3841.0</ExperimentId>
		<ExperimentType>Viability</ExperimentType>
		<Library>Flexiplate</Library>
		<CellLine>786-O</CellLine>
		<AnalysisResults>[{"OGA METHOD V2:CORRECTED_PVALUE":0.3701212564307935,"analysis_id":468,"experiment_id":3841,"gene_id":594303}]</AnalysisResults>
		<Analyses>OGA METHOD V2</Analyses>
		<ExperimentDate>2012-05-23</ExperimentDate>
	</Experiment>
	<Experiment experiment_id="3853">
		<ExperimentName>RPT3_MED_100UM_DFO</ExperimentName>
		<GeneCount>150.0</GeneCount>
		<ExperimentId>3853.0</ExperimentId>
		<ExperimentType>Viability</ExperimentType>
		<Library>Flexiplate</Library>
		<CellLine>RPT3</CellLine>
		<AnalysisResults>[{"OGA METHOD V2:CORRECTED_PVALUE":0.7117985720384653,"analysis_id":345,"experiment_id":3853,"gene_id":594303}]</AnalysisResults>
		<Analyses>OGA METHOD V2</Analyses>
		<ExperimentDate>2012-05-23</ExperimentDate>
	</Experiment>
	<Experiment experiment_id="3856">
		<ExperimentName>NCI-H460_LOW_10NM_COPY2</ExperimentName>
		<GeneCount>553.0</GeneCount>
		<ExperimentId>3856.0</ExperimentId>
		<ExperimentType>Viability</ExperimentType>
		<Library>Flexiplate</Library>
		<CellLine>NCI-H460</CellLine>
		<AnalysisResults>[{"OGA METHOD V2:CORRECTED_PVALUE":0.16731470223286227,"analysis_id":347,"experiment_id":3856,"gene_id":594303}]</AnalysisResults>
		<Analyses>OGA METHOD V2</Analyses>
		<ExperimentDate>2012-05-23</ExperimentDate>
	</Experiment>
	<Experiment experiment_id="3862">
		<ExperimentName>NCI-H1299_LOW_10NM_EPO</ExperimentName>
		<GeneCount>1699.0</GeneCount>
		<ExperimentId>3862.0</ExperimentId>
		<ExperimentType>Viability</ExperimentType>
		<Library>Flexiplate</Library>
		<CellLine>NCI-H1299</CellLine>
		<AnalysisResults>[{"OGA METHOD V2:CORRECTED_PVALUE":0.9999965022125125,"analysis_id":233,"experiment_id":3862,"gene_id":594303}]</AnalysisResults>
		<Analyses>OGA METHOD V2</Analyses>
		<ExperimentDate>2012-05-23</ExperimentDate>
	</Experiment>
	<Experiment experiment_id="3989">
		<ExperimentName>SJSA1_R06_DMSO_for8uM</ExperimentName>
		<GeneCount>1557.0</GeneCount>
		<ExperimentId>3989.0</ExperimentId>
		<ExperimentType>Viability</ExperimentType>
		<Library>Flexiplate</Library>
		<CellLine>SJSA-1</CellLine>
		<AnalysisResults>[{"OGA METHOD V2:CORRECTED_PVALUE":0.014345102673247598,"analysis_id":107,"experiment_id":3989,"gene_id":594303}]</AnalysisResults>
		<Analyses>OGA METHOD V2</Analyses>
		<ExperimentDate>2012-05-23</ExperimentDate>
	</Experiment>
	<Experiment experiment_id="3992">
		<ExperimentName>HMEC_MED_30NM_COPY2</ExperimentName>
		<GeneCount>603.0</GeneCount>
		<ExperimentId>3992.0</ExperimentId>
		<ExperimentType>Viability</ExperimentType>
		<Library>Flexiplate</Library>
		<AnalysisResults>[{"OGA METHOD V2:CORRECTED_PVALUE":0.017731178671628243,"analysis_id":287,"experiment_id":3992,"gene_id":594303}]</AnalysisResults>
		<Analyses>OGA METHOD V2</Analyses>
		<ExperimentDate>2012-05-23</ExperimentDate>
	</Experiment>
	<Experiment experiment_id="4001">
		<ExperimentName>A427_R045_10_EDGv1</ExperimentName>
		<GeneCount>14384.0</GeneCount>
		<ExperimentId>4001.0</ExperimentId>
		<ExperimentType>Viability</ExperimentType>
		<Library>Flexiplate</Library>
		<CellLine>A-427</CellLine>
		<AnalysisResults>[{"OGA METHOD V2:CORRECTED_PVALUE":0.35723702235191496,"analysis_id":500,"experiment_id":4001,"gene_id":594303}]</AnalysisResults>
		<Analyses>OGA METHOD V2</Analyses>
		<ExperimentDate>2012-05-23</ExperimentDate>
	</Experiment>
	<Experiment experiment_id="4004">
		<ExperimentName>LN18_LOW_30NM_COPY1</ExperimentName>
		<GeneCount>553.0</GeneCount>
		<ExperimentId>4004.0</ExperimentId>
		<ExperimentType>Viability</ExperimentType>
		<Library>Flexiplate</Library>
		<CellLine>LN-18</CellLine>
		<AnalysisResults>[{"OGA METHOD V2:CORRECTED_PVALUE":0.7146654217119048,"analysis_id":588,"experiment_id":4004,"gene_id":594303}]</AnalysisResults>
		<Analyses>OGA METHOD V2</Analyses>
		<ExperimentDate>2012-05-23</ExperimentDate>
	</Experiment>
	<Experiment experiment_id="4010">
		<ExperimentName>BT-549_LOW_10NM</ExperimentName>
		<GeneCount>1544.0</GeneCount>
		<ExperimentId>4010.0</ExperimentId>
		<ExperimentType>Viability</ExperimentType>
		<Library>Flexiplate</Library>
		<CellLine>BT-549</CellLine>
		<AnalysisResults>[{"OGA METHOD V2:CORRECTED_PVALUE":0.6592738651635119,"analysis_id":432,"experiment_id":4010,"gene_id":594303}]</AnalysisResults>
		<Analyses>OGA METHOD V2</Analyses>
		<ExperimentDate>2012-05-23</ExperimentDate>
	</Experiment>
	<Experiment experiment_id="4013">
		<ExperimentName>A2780_LOW_10NM_EPO</ExperimentName>
		<GeneCount>1699.0</GeneCount>
		<ExperimentId>4013.0</ExperimentId>
		<ExperimentType>Viability</ExperimentType>
		<Library>Flexiplate</Library>
		<CellLine>A2780</CellLine>
		<AnalysisResults>[{"OGA METHOD V2:CORRECTED_PVALUE":0.9992610729868114,"analysis_id":230,"experiment_id":4013,"gene_id":594303}]</AnalysisResults>
		<Analyses>OGA METHOD V2</Analyses>
		<ExperimentDate>2012-05-23</ExperimentDate>
	</Experiment>
	<Experiment experiment_id="4019">
		<ExperimentName>OV-90_LOW_10NM</ExperimentName>
		<GeneCount>571.0</GeneCount>
		<ExperimentId>4019.0</ExperimentId>
		<ExperimentType>Viability</ExperimentType>
		<Library>Flexiplate</Library>
		<CellLine>OV-90</CellLine>
		<AnalysisResults>[{"OGA METHOD V2:CORRECTED_PVALUE":0.793907856858341,"analysis_id":587,"experiment_id":4019,"gene_id":594303}]</AnalysisResults>
		<Analyses>OGA METHOD V2</Analyses>
		<ExperimentDate>2012-05-23</ExperimentDate>
	</Experiment>
	<Experiment experiment_id="4022">
		<ExperimentName>MDA-MB-435s_LOW_30NM</ExperimentName>
		<GeneCount>1544.0</GeneCount>
		<ExperimentId>4022.0</ExperimentId>
		<ExperimentType>Viability</ExperimentType>
		<Library>Flexiplate</Library>
		<CellLine>MDA-MB-435S</CellLine>
		<AnalysisResults>[{"OGA METHOD V2:CORRECTED_PVALUE":0.8414282607586171,"analysis_id":427,"experiment_id":4022,"gene_id":594303}]</AnalysisResults>
		<Analyses>OGA METHOD V2</Analyses>
		<ExperimentDate>2012-05-23</ExperimentDate>
	</Experiment>
	<Experiment experiment_id="3880">
		<ExperimentName>MDAMB436_R02_10_Oncology_v2</ExperimentName>
		<GeneCount>2548.0</GeneCount>
		<ExperimentId>3880.0</ExperimentId>
		<ExperimentType>Viability</ExperimentType>
		<Library>Flexiplate</Library>
		<CellLine>MDA-MB-436</CellLine>
		<AnalysisResults>[{"OGA METHOD V2:CORRECTED_PVALUE":0.7166377794771487,"analysis_id":117,"experiment_id":3880,"gene_id":594303}]</AnalysisResults>
		<Analyses>OGA METHOD V2</Analyses>
		<ExperimentDate>2012-05-23</ExperimentDate>
	</Experiment>
	<Experiment experiment_id="3889">
		<ExperimentName>NCI-H1299_HIGH_10NM_EPO</ExperimentName>
		<GeneCount>1699.0</GeneCount>
		<ExperimentId>3889.0</ExperimentId>
		<ExperimentType>Viability</ExperimentType>
		<Library>Flexiplate</Library>
		<CellLine>NCI-H1299</CellLine>
		<AnalysisResults>[{"OGA METHOD V2:CORRECTED_PVALUE":0.9997352749531726,"analysis_id":246,"experiment_id":3889,"gene_id":594303}]</AnalysisResults>
		<Analyses>OGA METHOD V2</Analyses>
		<ExperimentDate>2012-05-23</ExperimentDate>
	</Experiment>
	<Experiment experiment_id="3898">
		<ExperimentName>A172_MED_10NM_COPY1</ExperimentName>
		<GeneCount>456.0</GeneCount>
		<ExperimentId>3898.0</ExperimentId>
		<ExperimentType>Viability</ExperimentType>
		<Library>Flexiplate</Library>
		<CellLine>A-172</CellLine>
		<AnalysisResults>[{"OGA METHOD V2:CORRECTED_PVALUE":0.2755825596052696,"analysis_id":317,"experiment_id":3898,"gene_id":594303}]</AnalysisResults>
		<Analyses>OGA METHOD V2</Analyses>
		<ExperimentDate>2012-05-23</ExperimentDate>
	</Experiment>
	<Experiment experiment_id="3907">
		<ExperimentName>A375_LOW_10NM_COPY1</ExperimentName>
		<GeneCount>603.0</GeneCount>
		<ExperimentId>3907.0</ExperimentId>
		<ExperimentType>Viability</ExperimentType>
		<Library>Flexiplate</Library>
		<CellLine>A-375</CellLine>
		<AnalysisResults>[{"OGA METHOD V2:CORRECTED_PVALUE":0.14989539885468817,"analysis_id":581,"experiment_id":3907,"gene_id":594303}]</AnalysisResults>
		<Analyses>OGA METHOD V2</Analyses>
		<ExperimentDate>2012-05-23</ExperimentDate>
	</Experiment>
	<Experiment experiment_id="3928">
		<ExperimentName>HMEC_MED_30NM</ExperimentName>
		<GeneCount>603.0</GeneCount>
		<ExperimentId>3928.0</ExperimentId>
		<ExperimentType>Viability</ExperimentType>
		<Library>Flexiplate</Library>
		<AnalysisResults>[{"OGA METHOD V2:CORRECTED_PVALUE":0.021337141486431576,"analysis_id":23,"experiment_id":3928,"gene_id":594303}]</AnalysisResults>
		<Analyses>OGA METHOD V2</Analyses>
		<ExperimentDate>2012-05-23</ExperimentDate>
	</Experiment>
	<Experiment experiment_id="3937">
		<ExperimentName>KM12_LOW_10NM_COPY1</ExperimentName>
		<GeneCount>527.0</GeneCount>
		<ExperimentId>3937.0</ExperimentId>
		<ExperimentType>Viability</ExperimentType>
		<Library>Flexiplate</Library>
		<CellLine>KM12</CellLine>
		<AnalysisResults>[{"OGA METHOD V2:CORRECTED_PVALUE":0.7558944316040089,"analysis_id":18,"experiment_id":3937,"gene_id":594303}]</AnalysisResults>
		<Analyses>OGA METHOD V2</Analyses>
		<ExperimentDate>2012-05-23</ExperimentDate>
	</Experiment>
	<Experiment experiment_id="3943">
		<ExperimentName>IGROV1_R015_10_Oncology_v2</ExperimentName>
		<GeneCount>2548.0</GeneCount>
		<ExperimentId>3943.0</ExperimentId>
		<ExperimentType>Viability</ExperimentType>
		<Library>Flexiplate</Library>
		<CellLine>IGROV-1</CellLine>
		<AnalysisResults>[{"OGA METHOD V2:CORRECTED_PVALUE":0.7073852626310763,"analysis_id":255,"experiment_id":3943,"gene_id":594303}]</AnalysisResults>
		<Analyses>OGA METHOD V2</Analyses>
		<ExperimentDate>2012-05-23</ExperimentDate>
	</Experiment>
	<Experiment experiment_id="3946">
		<ExperimentName>HMEC_MED_10NM</ExperimentName>
		<GeneCount>603.0</GeneCount>
		<ExperimentId>3946.0</ExperimentId>
		<ExperimentType>Viability</ExperimentType>
		<Library>Flexiplate</Library>
		<AnalysisResults>[{"OGA METHOD V2:CORRECTED_PVALUE":5.172753175801561E-4,"analysis_id":580,"experiment_id":3946,"gene_id":594303}]</AnalysisResults>
		<Analyses>OGA METHOD V2</Analyses>
		<ExperimentDate>2012-05-23</ExperimentDate>
	</Experiment>
	<Experiment experiment_id="3949">
		<ExperimentName>HCC-1143_LOW_10NM</ExperimentName>
		<GeneCount>1525.0</GeneCount>
		<ExperimentId>3949.0</ExperimentId>
		<ExperimentType>Viability</ExperimentType>
		<Library>Flexiplate</Library>
		<CellLine>HCC1143</CellLine>
		<AnalysisResults>[{"OGA METHOD V2:CORRECTED_PVALUE":0.7835864525794628,"analysis_id":235,"experiment_id":3949,"gene_id":594303}]</AnalysisResults>
		<Analyses>OGA METHOD V2</Analyses>
		<ExperimentDate>2012-05-23</ExperimentDate>
	</Experiment>
	<Experiment experiment_id="3958">
		<ExperimentName>SKMEL28_MED_30NM</ExperimentName>
		<GeneCount>150.0</GeneCount>
		<ExperimentId>3958.0</ExperimentId>
		<ExperimentType>Viability</ExperimentType>
		<Library>Flexiplate</Library>
		<CellLine>SK-MEL-28</CellLine>
		<AnalysisResults>[{"OGA METHOD V2:CORRECTED_PVALUE":0.20386879315082493,"analysis_id":20,"experiment_id":3958,"gene_id":594303}]</AnalysisResults>
		<Analyses>OGA METHOD V2</Analyses>
		<ExperimentDate>2012-05-23</ExperimentDate>
	</Experiment>
	<Experiment experiment_id="3961">
		<ExperimentName>NCI-H1694_MED_10NM_COPY1</ExperimentName>
		<GeneCount>571.0</GeneCount>
		<ExperimentId>3961.0</ExperimentId>
		<ExperimentType>Viability</ExperimentType>
		<Library>Flexiplate</Library>
		<CellLine>NCI-H1694</CellLine>
		<AnalysisResults>[{"OGA METHOD V2:CORRECTED_PVALUE":0.9993516071848334,"analysis_id":439,"experiment_id":3961,"gene_id":594303}]</AnalysisResults>
		<Analyses>OGA METHOD V2</Analyses>
		<ExperimentDate>2012-05-23</ExperimentDate>
	</Experiment>
	<Experiment experiment_id="3970">
		<ExperimentName>LN18_LOW_30NM_COPY2</ExperimentName>
		<GeneCount>553.0</GeneCount>
		<ExperimentId>3970.0</ExperimentId>
		<ExperimentType>Viability</ExperimentType>
		<Library>Flexiplate</Library>
		<CellLine>LN-18</CellLine>
		<AnalysisResults>[{"OGA METHOD V2:CORRECTED_PVALUE":0.999998120802328,"analysis_id":327,"experiment_id":3970,"gene_id":594303}]</AnalysisResults>
		<Analyses>OGA METHOD V2</Analyses>
		<ExperimentDate>2012-05-23</ExperimentDate>
	</Experiment>
	<Experiment experiment_id="3973">
		<ExperimentName>HCC-70_MED_30NM</ExperimentName>
		<GeneCount>1544.0</GeneCount>
		<ExperimentId>3973.0</ExperimentId>
		<ExperimentType>Viability</ExperimentType>
		<Library>Flexiplate</Library>
		<CellLine>HCC70</CellLine>
		<AnalysisResults>[{"OGA METHOD V2:CORRECTED_PVALUE":0.8184972848436908,"analysis_id":240,"experiment_id":3973,"gene_id":594303}]</AnalysisResults>
		<Analyses>OGA METHOD V2</Analyses>
		<ExperimentDate>2012-05-23</ExperimentDate>
	</Experiment>
	<Experiment experiment_id="3976">
		<ExperimentName>HELA_10NM_MED_COPY2</ExperimentName>
		<GeneCount>464.0</GeneCount>
		<ExperimentId>3976.0</ExperimentId>
		<ExperimentType>Viability</ExperimentType>
		<Library>Flexiplate</Library>
		<CellLine>HeLa</CellLine>
		<AnalysisResults>[{"OGA METHOD V2:CORRECTED_PVALUE":0.8759571552880083,"analysis_id":322,"experiment_id":3976,"gene_id":594303}]</AnalysisResults>
		<Analyses>OGA METHOD V2</Analyses>
		<ExperimentDate>2012-05-23</ExperimentDate>
	</Experiment>
	<Experiment experiment_id="3991">
		<ExperimentName>SAOS2_LOW_30NM</ExperimentName>
		<GeneCount>150.0</GeneCount>
		<ExperimentId>3991.0</ExperimentId>
		<ExperimentType>Viability</ExperimentType>
		<Library>Flexiplate</Library>
		<CellLine>Saos-2</CellLine>
		<AnalysisResults>[{"OGA METHOD V2:CORRECTED_PVALUE":0.9973650256078226,"analysis_id":390,"experiment_id":3991,"gene_id":594303}]</AnalysisResults>
		<Analyses>OGA METHOD V2</Analyses>
		<ExperimentDate>2012-05-23</ExperimentDate>
	</Experiment>
	<Experiment experiment_id="3997">
		<ExperimentName>MDA-MB-468_LOW_10NM_COPY1</ExperimentName>
		<GeneCount>603.0</GeneCount>
		<ExperimentId>3997.0</ExperimentId>
		<ExperimentType>Viability</ExperimentType>
		<Library>Flexiplate</Library>
		<CellLine>MDA-MB-468</CellLine>
		<AnalysisResults>[{"OGA METHOD V2:CORRECTED_PVALUE":1.0231685687517,"analysis_id":19,"experiment_id":3997,"gene_id":594303}]</AnalysisResults>
		<Analyses>OGA METHOD V2</Analyses>
		<ExperimentDate>2012-05-23</ExperimentDate>
	</Experiment>
	<Experiment experiment_id="4000">
		<ExperimentName>NCI-H23_R040_20_EDGv1</ExperimentName>
		<GeneCount>14384.0</GeneCount>
		<ExperimentId>4000.0</ExperimentId>
		<ExperimentType>Viability</ExperimentType>
		<Library>Flexiplate</Library>
		<CellLine>NCI-H23</CellLine>
		<AnalysisResults>[{"OGA METHOD V2:CORRECTED_PVALUE":0.41424559180588594,"analysis_id":452,"experiment_id":4000,"gene_id":594303}]</AnalysisResults>
		<Analyses>OGA METHOD V2</Analyses>
		<ExperimentDate>2012-05-23</ExperimentDate>
	</Experiment>
	<Experiment experiment_id="4003">
		<ExperimentName>MDA-MB-435s_LOW_10NM</ExperimentName>
		<GeneCount>1543.0</GeneCount>
		<ExperimentId>4003.0</ExperimentId>
		<ExperimentType>Viability</ExperimentType>
		<Library>Flexiplate</Library>
		<CellLine>MDA-MB-435S</CellLine>
		<AnalysisResults>[{"OGA METHOD V2:CORRECTED_PVALUE":0.849529566748349,"analysis_id":426,"experiment_id":4003,"gene_id":594303}]</AnalysisResults>
		<Analyses>OGA METHOD V2</Analyses>
		<ExperimentDate>2012-05-23</ExperimentDate>
	</Experiment>
	<Experiment experiment_id="4006">
		<ExperimentName>LN229_MED_30NM_COPY2</ExperimentName>
		<GeneCount>489.0</GeneCount>
		<ExperimentId>4006.0</ExperimentId>
		<ExperimentType>Viability</ExperimentType>
		<Library>Flexiplate</Library>
		<CellLine>LN-229</CellLine>
		<AnalysisResults>[{"OGA METHOD V2:CORRECTED_PVALUE":0.6313133006410243,"analysis_id":578,"experiment_id":4006,"gene_id":594303}]</AnalysisResults>
		<Analyses>OGA METHOD V2</Analyses>
		<ExperimentDate>2012-05-23</ExperimentDate>
	</Experiment>
	<Experiment experiment_id="4009">
		<ExperimentName>SKOV-3_MED_10NM_EPO</ExperimentName>
		<GeneCount>1699.0</GeneCount>
		<ExperimentId>4009.0</ExperimentId>
		<ExperimentType>Viability</ExperimentType>
		<Library>Flexiplate</Library>
		<CellLine>SK-OV-3</CellLine>
		<AnalysisResults>[{"OGA METHOD V2:CORRECTED_PVALUE":0.9999613175971163,"analysis_id":270,"experiment_id":4009,"gene_id":594303}]</AnalysisResults>
		<Analyses>OGA METHOD V2</Analyses>
		<ExperimentDate>2012-05-23</ExperimentDate>
	</Experiment>
	<Experiment experiment_id="4012">
		<ExperimentName>M14_HIGH_30NM</ExperimentName>
		<GeneCount>150.0</GeneCount>
		<ExperimentId>4012.0</ExperimentId>
		<ExperimentType>Viability</ExperimentType>
		<Library>Flexiplate</Library>
		<CellLine>M14</CellLine>
		<AnalysisResults>[{"OGA METHOD V2:CORRECTED_PVALUE":0.6276501020487558,"analysis_id":338,"experiment_id":4012,"gene_id":594303}]</AnalysisResults>
		<Analyses>OGA METHOD V2</Analyses>
		<ExperimentDate>2012-05-23</ExperimentDate>
	</Experiment>
	<Experiment experiment_id="4018">
		<ExperimentName>NCI-H460_LOW_30NM_COPY1</ExperimentName>
		<GeneCount>553.0</GeneCount>
		<ExperimentId>4018.0</ExperimentId>
		<ExperimentType>Viability</ExperimentType>
		<Library>Flexiplate</Library>
		<CellLine>NCI-H460</CellLine>
		<AnalysisResults>[{"OGA METHOD V2:CORRECTED_PVALUE":0.12520524993181525,"analysis_id":590,"experiment_id":4018,"gene_id":594303}]</AnalysisResults>
		<Analyses>OGA METHOD V2</Analyses>
		<ExperimentDate>2012-05-23</ExperimentDate>
	</Experiment>
	<Experiment experiment_id="4024">
		<ExperimentName>COLO320DM_MED_10NM</ExperimentName>
		<GeneCount>553.0</GeneCount>
		<ExperimentId>4024.0</ExperimentId>
		<ExperimentType>Viability</ExperimentType>
		<Library>Flexiplate</Library>
		<CellLine>COLO 320DM</CellLine>
		<AnalysisResults>[{"OGA METHOD V2:CORRECTED_PVALUE":0.8671995572526141,"analysis_id":356,"experiment_id":4024,"gene_id":594303}]</AnalysisResults>
		<Analyses>OGA METHOD V2</Analyses>
		<ExperimentDate>2012-05-23</ExperimentDate>
	</Experiment>
</RNAiData>