<?xml version="1.0" encoding="UTF-8"?>
<RNAiData>
  <RNAi rnai_id="702278">
    <PrimaryGeneSymbol>IFNA7</PrimaryGeneSymbol>
    <RnaiId>702278</RnaiId>
    <Vendor>Qiagen</Vendor>
    <RootNumber>1951730.0</RootNumber>
    <SubstanceId>2540405</SubstanceId>
    <PrimaryGeneName>interferon, alpha 7</PrimaryGeneName>
    <VendorId>2</VendorId>
    <HasSecondaryTargets>true</HasSecondaryTargets>
    <Type>SIRNA</Type>
    <Organism>Homo sapiens</Organism>
    <PrimaryEntrezgeneId>3444</PrimaryEntrezgeneId>
    <LotNumber>1.0</LotNumber>
    <VendorProductId>DG2_15B-A10</VendorProductId>
    <Sequence>CTGGTTCATCATGGAAATGAT</Sequence>
    <PrimaryGeneId>593652</PrimaryGeneId>
    <CompoundId>1951730#1</CompoundId>
    <PrimaryGeneDescription>interferon, alpha 7</PrimaryGeneDescription>
    <RegisteredDate>10/05/2005 12:00:00 AM</RegisteredDate>
  </RNAi>
  <RNAi rnai_id="543843">
    <PrimaryGeneSymbol>IFNA7</PrimaryGeneSymbol>
    <RnaiId>543843</RnaiId>
    <Vendor>Qiagen</Vendor>
    <RootNumber>1965874.0</RootNumber>
    <SubstanceId>2554561</SubstanceId>
    <PrimaryGeneName>interferon, alpha 7</PrimaryGeneName>
    <VendorId>2</VendorId>
    <HasSecondaryTargets>true</HasSecondaryTargets>
    <Type>SIRNA</Type>
    <Organism>Homo sapiens</Organism>
    <PrimaryEntrezgeneId>3444</PrimaryEntrezgeneId>
    <LotNumber>1.0</LotNumber>
    <VendorProductId>DG2_15C-A10</VendorProductId>
    <Sequence>CAGCAACTGAATGACCTGGAA</Sequence>
    <PrimaryGeneId>593652</PrimaryGeneId>
    <CompoundId>1965874#1</CompoundId>
    <PrimaryGeneDescription>interferon, alpha 7</PrimaryGeneDescription>
    <RegisteredDate>10/07/2005 12:00:00 AM</RegisteredDate>
  </RNAi>
  <RNAi rnai_id="572953">
    <PrimaryGeneSymbol>IFNA7</PrimaryGeneSymbol>
    <RnaiId>572953</RnaiId>
    <Vendor>Qiagen</Vendor>
    <RootNumber>1958874.0</RootNumber>
    <SubstanceId>2547561</SubstanceId>
    <PrimaryGeneName>interferon, alpha 7</PrimaryGeneName>
    <VendorId>2</VendorId>
    <HasSecondaryTargets>false</HasSecondaryTargets>
    <Type>SIRNA</Type>
    <Organism>Homo sapiens</Organism>
    <PrimaryEntrezgeneId>3444</PrimaryEntrezgeneId>
    <LotNumber>1.0</LotNumber>
    <VendorProductId>DG2_15A-A10</VendorProductId>
    <Sequence>TAGCCTAGTGATATTTGCAAA</Sequence>
    <PrimaryGeneId>593652</PrimaryGeneId>
    <CompoundId>1958874#1</CompoundId>
    <PrimaryGeneDescription>interferon, alpha 7</PrimaryGeneDescription>
    <RegisteredDate>10/07/2005 12:00:00 AM</RegisteredDate>
  </RNAi>
  <RNAi rnai_id="676114">
    <PrimaryGeneSymbol>IFNA7</PrimaryGeneSymbol>
    <RnaiId>676114</RnaiId>
    <Vendor>Qiagen</Vendor>
    <RootNumber>1972850.0</RootNumber>
    <SubstanceId>2561537</SubstanceId>
    <PrimaryGeneName>interferon, alpha 7</PrimaryGeneName>
    <VendorId>2</VendorId>
    <HasSecondaryTargets>true</HasSecondaryTargets>
    <Type>SIRNA</Type>
    <Organism>Homo sapiens</Organism>
    <PrimaryEntrezgeneId>3444</PrimaryEntrezgeneId>
    <LotNumber>1.0</LotNumber>
    <VendorProductId>DG2_15D-A10</VendorProductId>
    <Sequence>TCCACTGAACTTTACCAGCAA</Sequence>
    <PrimaryGeneId>593652</PrimaryGeneId>
    <CompoundId>1972850#1</CompoundId>
    <PrimaryGeneDescription>interferon, alpha 7</PrimaryGeneDescription>
    <RegisteredDate>10/07/2005 12:00:00 AM</RegisteredDate>
  </RNAi>
</RNAiData>