<?xml version="1.0"?>
<Service>
  <Name>RNAi</Name>
  <DisplayName context="rg_resource">RNAi Expriment Properties</DisplayName>
  <Description context="rg_resource">Properties for this RNAi experiment.</Description>
  <ParameterSet>   
    <Parameter>
      <Name>experiment_ids</Name>
      <Category>
        <CategorizationScheme>Service Input Categorization Scheme</CategorizationScheme>
        <KeyValue>RNAI Experiment Identifier</KeyValue>
      </Category>
      <Editable>false</Editable>
      <AcceptsList delimiter=","/>
      <RequirementLevel>Required</RequirementLevel>
    </Parameter>

    <Parameter>
      <Name>req</Name>
      <Editable>false</Editable>
      <DefaultValue>EXPBYID</DefaultValue>
    </Parameter>

  </ParameterSet>
</Service>