<?xml version="1.0"?>
<Service>
  <Name>Gene Hits in Experiments</Name>
  <DisplayName context="rg_node">Gene Hits in Experiments</DisplayName>
  <Description context="rg_node">Show genes which are hits in an RNAi experiment.</Description>
  <ParameterSet>
    <Parameter>
      <Name>experiment_ids</Name>
      <Category>
        <CategorizationScheme>Service Input Categorization Scheme</CategorizationScheme>
        <KeyValue>RNAi Experiment Identifier</KeyValue>
      </Category>
	  <Editable>false</Editable>
	  <RequirementLevel>Required</RequirementLevel>
    </Parameter>

    <Parameter>
      <Name>req</Name>
	  <Editable>false</Editable>
	  <DefaultValue>GENEHITSBYEXPID</DefaultValue>
    </Parameter>

  </ParameterSet>
</Service>