<?xml version="1.0"?>
<Service>
  <Name>RNAi</Name>
  <DisplayName context="rg_node">RNAi Molecules</DisplayName>
  <Description context="rg_node">Search for RNAi molecules.</Description>
  <ParameterSet>
    <Parameter>
      <Name>gene_ids</Name>
      <Category>
        <CategorizationScheme>Service Input Categorization Scheme</CategorizationScheme>
        <KeyValue>Amgen Gene Identifier</KeyValue>
      </Category>
	  <Editable>false</Editable>
      <AcceptsList delimiter=","/>
	  <RequirementLevel>Optional</RequirementLevel>
    </Parameter>
    <Parameter>
      <Name>rnai_ids</Name>
      <Category>
        <CategorizationScheme>Service Input Categorization Scheme</CategorizationScheme>
        <KeyValue>RNAI Identifier</KeyValue>
      </Category>
	  <Editable>false</Editable>
      <AcceptsList delimiter=","/>
	  <RequirementLevel>Optional</RequirementLevel>
    </Parameter>

    <Parameter>
      <Name>req</Name>
	  <Editable>false</Editable>
	  <DefaultValue>RNAIBYGENEID</DefaultValue>
    </Parameter>

  </ParameterSet>
</Service>