<?xml version="1.0"?>
<Service>
  <Name>RNAi Experiment Results</Name>
  <DisplayName context="rg_resource">RNAi Experiments</DisplayName>
  <Description context="rg_resource">Retrieve RNAi results for this experiment.</Description>
  <ParameterSet>
    <Parameter>
      <Name>experiment_id</Name>
      <Category>
        <CategorizationScheme>Service Input Categorization Scheme</CategorizationScheme>
        <KeyValue>RNAi Experiment Identifier</KeyValue>
      </Category>
	  <Editable>false</Editable>
	  <RequirementLevel>Required</RequirementLevel>
    </Parameter>

    <Parameter>
      <Name>req</Name>
	  <Editable>false</Editable>
	  <DefaultValue>RESULTS</DefaultValue>
    </Parameter>

  </ParameterSet>
</Service>