<?xml version="1.0"?>
<Service>
  <Name>RNAi</Name>
  <DisplayName context="rg_resource">RNAi</DisplayName>
  <Description context="rg_resource">Search for RNAi molecules.</Description>
  <ParameterSet>   
    <Parameter>
      <Name>rnai_ids</Name>
      <Category>
        <CategorizationScheme>Service Input Categorization Scheme</CategorizationScheme>
        <KeyValue>RNAI Identifier</KeyValue>
      </Category>
      <Editable>false</Editable>
      <AcceptsList delimiter=","/>
      <RequirementLevel>Required</RequirementLevel>
    </Parameter>

    <Parameter>
      <Name>req</Name>
      <Editable>false</Editable>
      <DefaultValue>RNAI</DefaultValue>
    </Parameter>

  </ParameterSet>
</Service>