<?xml version="1.0" encoding="UTF-8"?>
<project-private xmlns="http://www.netbeans.org/ns/project-private/1">
    <editor-bookmarks xmlns="http://www.netbeans.org/ns/editor-bookmarks/1"/>
    <editor-bookmarks xmlns="http://www.netbeans.org/ns/editor-bookmarks/2" lastBookmarkId="0"/>
    <open-files xmlns="http://www.netbeans.org/ns/projectui-open-files/2">
        <group name="All"/>
        <group>
            <file>file:/C:/Users/jemcdowe/Development/JProjects2/RNAi/build.xml</file>
            <file>file:/C:/Users/jemcdowe/Development/JProjects2/RNAi/src/amgen/ri/rnai/export/Export2PNG.java</file>
            <file>file:/C:/Users/jemcdowe/Development/JProjects2/RNAi/src/amgen/ri/rnai/log/LogFilter.java</file>
            <file>file:/C:/Users/jemcdowe/Development/JProjects2/RNAi/src/amgen/ri/rnai/listener/ContextListener.java</file>
            <file>file:/C:/Users/jemcdowe/Development/JProjects2/RNAi/src/amgen/ri/rnai/listener/SessionListener.java</file>
        </group>
    </open-files>
</project-private>
